구인상태,근무내용,근무시간,근무지역,급여,등록일,성별,업체명,연령,지원방법,지원서류,직종,채용인원
구인상태구인중,"근무내용<아이티지오(주)>- 지하철택배원 4명*직무내용:1. 주중장례식장 근조기 설치 및 회수(스마트폰으로 설치 사진 전송)2. 주말결혼식장 축하기 설치 후 결혼식 끝나면 회수3. 가방 4.5kg 매고 이동, 버스비 지원*근무형태 : 평일 09:00~19:00 / 14:00~19:00*임       금 : 건당 6,000~10,000원 / 건당 12,000~22,000원*고용형태 : 일용직, 보험 미가입*지원자격 : 남, 65세이상 스마트폰 활용 능력 우수자*근무장소 : 서초동 교대역 인근에서 서울시내, 경기도 배송*지원방법 : 전화 후 방문 010-2579-1905*지원서류 : 이력서",근무시간내용참조,"근무지역서울시내, 경기도","급여건당 6,000~10,000원",등록일2025-01-20,성별남,업체명아이티지오(주),연령65세 이상~,지원방법전화 후 방문 010-2579-1905,지원서류,직종지하철 택배원,채용인원4명
구인상태구인중,"근무내용<(주)사람코퍼레이션>- 빌딩 경비원 1명*직무내용 : 빌딩 경비 업무*근무형태 : 격일, 7:00~익일07:00 (휴계 13시간)*임 금 : 월급 177만원*고용형태 : 계약직 12개월*지원자격 : 남, ~70세까지. 일반경비원 신임교육이수증 필수*근무장소 : 종로구 삼봉로 57(수송동) 호수빌딩 / 광화문역 2번출구*지원방법 : 이메일지원 leekalver@naver.com / 팩스지원 02-517-2522*지원서류 : 이력서*정보출처 : 고용24",근무시간격일 7:00~익일07:00 (휴계 13시간),근무지역종로구 수송동,급여월급 177만원,등록일2025-01-20,성별남,업체명(주)사람코퍼레이션,연령~70세 까지,지원방법이메일지원 leekalver@naver.com,지원서류,직종빌딩 경비원,채용인원1명
구인상태구인중,"근무내용<주식회사유케이개발>- 아파트 청소원 1명*직무내용 : 아파트 관내외 공용부분 청소 업무*근무형태 : 평일 09:00~16:00(휴게 1시간), 격주 토 09:00~12:00*임 금 : 월급 166만원*고용형태 : 계약직 7개월*지원자격 : 여*근무장소 : 강남구 자곡로 21 (세곡동) 세곡푸르지오*지원방법 : 전화 후 방문 010-9466-1323*지원서류 : 이력서*정보출처 : 고용24",근무시간평일 09~16(휴게 1) 격주 토 09~12,근무지역강남구 세곡동,급여월급 166만원,등록일2025-01-20,성별여,업체명주식회사유케이개발,연령무관,지원방법전화 후 방문 2010-9466-1323,지원서류,직종아파트 청소원,채용인원1명
구인상태구인중,"근무내용<유한책임회사 굿모닝대양>- 급식 보조원 1명*직무내용 : 의원으로 배달된 음식을 병실로 식판운반차를 이용해서 배식(아침,점심,저녁) 및 설거지*근무형태 : 격일, 06:30~19:30*임       금 : 월급 220만원*고용형태 : 계약직 3개월*지원자격 : 여*근무장소 : 광진구 아차산로 382, 서울점프정형외과의원 (자양동)*지원방법 : 이력서 사진을 찍어서 문자 발송 010-5449-7610*지원서류 : 이력서*정보출처 : 고용24",근무시간격일 06:00~19:30,근무지역광진구 자양동,급여월급 220만원,등록일2025-01-20,성별여,업체명유한책임회사 굿모닝대양,연령~62세까지,지원방법문자 지원  010-5449-7610,지원서류,직종급식 보조원,채용인원1명
구인상태구인중,"근무내용<씽씽준마지하철택배>- 지하철 택배원 3명*직무내용 : 남대문, 동대문 상가의 악세사리 및 가벼운 원단 배송 업무- 하루 4건 정도 (2건씩 묶음배송도 가능), 은평구 일산 위주*근무형태 : 주5일, 08:00~18:00 (근무시간 면접시 조율)*임       금 : 월평균 50만원 이상*고용형태 : 상용직*지원자격 : 남, 65세이상 길 찾기 가능한 자*근무장소 : 종로구 종로 258 (종로6가) c-25호*지원방법 : 전화 후 방문 010-9370-8272*정보출처 : 서울노인복지센터",근무시간주5일,"근무지역은평구, 일산 위주",급여월평균 50만원 이상,등록일2025-01-17,성별남,업체명씽씽준마지하철택배,연령65세 이상,지원방법전화 후 방문 010-9370-8272,지원서류,직종지하철 택배원,채용인원3명
구인상태구인중,근무내용< 이문삼익아파트 >- 아파트 청소원  1명*직무내용 : 아파트 내부 청소*근무형태 : 주 5일 09:00~15:00 (휴게 1.5)*임       금 : 월급 117만원*고용형태 : 계약직 9개월(이후 상용직 검토)*지원자격 : 경력 무관*근무장소 : 동대문구 한천로55길 9 이문동삼익아파트 / 외대앞역 2번출구*지원방법 : 전화 후 방문 010-4843-7710*지원서류 : 이력서*정보출처 : 고용24,근무시간주 5일 09:00~15:00,근무지역동대문구 이문동,급여월급 117만원,등록일2025-01-17,성별여,업체명(주)주원그린,연령무관,지원방법전화 후 방문 010-4843-7710,지원서류,직종아파트 청소원,채용인원1명
구인상태구인중,"근무내용<파이라이트 빌딩>- 빌딩 청소원 1명*직무내용 : 건물 청소 및 관리 업무*근무형태 : 주5일 09:00~17:00 (휴게 1시간)*임       금 : 월급 210만원*고용형태 : 상용직*지원자격 : 남, 경력 2년이상*근무장소 : 강남구 학동로25길 31 파이라이트 빌딩 / 학동역 7번출구*지원방법 : 이메일지원 bpos214@naver.com*지원서류 : 이력서*정보출처 : 고용24",근무시간주5일 09:00~17:00,근무지역강남구 논현동,급여월급 210만원,등록일2025-01-17,성별남,업체명파이라이트 빌딩,연령무관,지원방법이메일지원 bpos214@naver.com,지원서류,직종빌딩 청소원,채용인원1명
구인상태구인중,"근무내용<방배 임광1.2차 아파트 >- 아파트 청소원 1명*직무내용 : 아파트 내부 청소*근무형태 : 주6일, 평일09:00~15:30 / 토요일 09:00~12:00 / 휴게1.5시간*임       금 : 월급 143만원*고용형태 : 계약직 3개월*지원자격 : 여, 복지카드우대*근무장소 : 서초구 방배로 14 임광 아파트 / 방배역 1번출구*지원방법 : 전화 후 방문 010-5289-4647*지원서류 : 이력서*정보출처 : 고용24",근무시간주6일,근무지역서초구 방배동,급여월급 143만원,등록일2025-01-17,성별여,"업체명방배동, 임광 1,2차 아파트",연령무관,지원방법전화 후 방문 010-5289-4647,지원서류,직종아파트 청소원,채용인원1명
구인상태구인중,"근무내용<신명스카이뷰 멤버스 오피스텔 >- 오피스텔 경비원  1명*직무내용 : 오피스텔 경비 업무*근무형태 : 격일 07:00~익일07:00(주간4, 야간 7.5 휴게)*임       금 : 월급 194만원*고용형태 : 계약직 3개월*지원자격 : 남, 일반경비원 신임교육이수증 필수*근무장소 : 서초구 효령로77길 18, 서초동 신명스카이뷰 멤버스 오피스텔 / 강남역 5번 출구*지원방법 : 전화 후 방문 010-5698-5113*지원서류 : 이력서*정보출처 : 고용24",근무시간격일 07:00~익일07:00,근무지역서초구 서초2동,급여194만원,등록일2025-01-17,성별남,업체명신명스카이뷰 멤버스 오피스텔,연령무관,지원방법전화 후 방문 010-5698-5113,지원서류,직종오피스텔 경비원,채용인원1명
구인상태구인중,"근무내용<주식회사에프터클린>- 빌딩 경비원 1명*직무내용 : 빌딩 경비 업무*근무형태 : 격일, 07:00~22:00 (휴게 2.5시간)*임       금 : 월급 220만원*고용형태 : 상용직*지원자격 : 남, 일반경비원 신임교육이수증 필수*근무장소 : 종로구 신문로2가 경희궁길 14, 신영빌딩 / 광화문역 1번출구*지원방법 : 팩스지원 0505-304-5404*지원서류 : 이력서*정보출처 : 고용24","근무시간격일, 07:00~22:00",근무지역종로구 신문로2가,급여월급 220만원,등록일2025-01-17,성별남,업체명주식회사에프터클린,연령무관,지원방법팩스지원 0505-304-5404,지원서류,직종빌딩 경비원,채용인원1명
구인상태구인중,"근무내용<주식회사 푸른종합주택관리>- 아파트 경비원 1명*직무내용 : 아파트 경비 업무*근무형태 : 격일 06:00~익일060:00*임       금 : 월급 229만원*고용형태 : 계약직 2개월*지원자격 : 남, 일반경비원 신임교육이수증 필수*근무장소 : 구로구 공원로 26, 구로5동(구로동) 금호아파트 / 대림역 4번출구*지원방법 : 팩스지원 02-855-9846 / 문의 02-855-9845*지원서류 : 이력서*정보출처 : 고용24",근무시간격일 06:00~익일060:00,근무지역구로구 구로동,급여월급 229만원,등록일2025-01-15,성별남,업체명주식회사 푸른종합주택관리,연령무관,지원방법팩스지원 02-855-9846,지원서류,직종아파트 경비원,채용인원1명
구인상태구인중,"근무내용<현대빌딩>- 빌딩 관리원 1명*직무내용 : 경비 및 주차관리*근무형태 : 격일, 07:00~22:30 / 1일 근무, 1일 휴무*임       금 : 월급 230만원(발렛비 개인 수익)*고용형태 : 계약직 3개월*지원자격 : 남, 경력 3년이상, 자동차운전면허 필수*근무장소 : 강남구 삼성로133길 14, 현대빌딩 (청담동) / 청담역 8번출구*지원방법 : 전화 후 방문 010-8737-7727*지원서류 : 이력서*정보출처 : 고용24","근무시간격일, 07:00~22:30",근무지역강남구 청담동,급여월급 230만원(발렛비 개인 수익),등록일2025-01-15,성별남,업체명현대빌딩,연령무관,지원방법전화 후 방문 010-8737-7727,지원서류,직종빌딩 관리원,채용인원1명
구인상태구인중,"근무내용<딜리버리 유앤미>-  지하철 택배원 5명*직무내용 : 서류, 간단한 물품(5kg 이하) 배송 업무*근무형태 : 주5일 11:00~19:00 사이 근무(휴게 시간 포함)*임       금 : 월 80만원~140만원, 능력에 따라 상이*고용형태 : 상용직, 보험 미가입*지원자격 : 성별무관, 스마트폰 소지자, 지도어플, 카카오톡 사용가능자*근무장소 : 종로구 돈화문로 69 3층 디유엠로직스 / 종로3가역 6번 출구*지원방법 : 전화 후 방문 010-5120-0506*지원서류 : 이력서*정보출처 : 고용24",근무시간주5일,근무지역종로구 와룡동,급여월 80만원 이상,등록일2025-01-15,성별무관,업체명딜리버리 유앤미,연령무관,지원방법전화 후 방문 010-5120-0506,지원서류,직종지하철 택배원,채용인원5명
구인상태구인중,"근무내용<커피빈코리아, 봉은사점>- 매장보조원 1명*매장보조 및 청소 업무*주5일, 평일 18:30~23:00 (휴게 30분)*시급 10,030원(3개월 근무 시 월 4만원 추가)*계약직(3개월)*60세 이상만 지원가능,성별 무관*자격요건: 관련 경력 우대, 고객 응대 서비스*근무지 : 강남구 봉은사로99길 7 (삼성동) 커피빈 / 봉은사역 1, 2번출구*지원방법 :이메일지원 goldenjob@seoulnoin.or.kr*지원서류 : 이력서*정보출처 : 서울노인복지센터※이력서 양식은 자유양식이며, 첨부파일 다운받아 활용 가능합니다.","근무시간주5일, 내용참조",근무지역강남구 삼성동,"급여시급 10,030원",등록일2025-01-14,성별무관,업체명커피빈코리아,연령60세 이상,지원방법*상담사 알선 02-6220-8640,지원서류07. 이력서 양식(1).hwp,직종매장보조원,채용인원1명
구인상태구인중,"근무내용<파라빌딩>- 주차관리원 1명*직무내용 : 주차관리업무, 운전하지 않음*근무형태 : 격일, 07:00-07:00(주간3시간30분, 야간9시간)*임       금 : 월급 2,100,000원*고용형태 :*지원자격 : 남, 운전면허 소지자 우대*근무장소 : 강동구 동남로71길 20-9(명일동) 파라빌딩 / 고덕역 5번출구*지원방법 : 전화 후 방문 010-5005-9185 / 팩스지원 02-428-3513*지원서류 : 이력서*정보출처 : 고용24","근무시간격일, 07:00~익일07:00",근무지역강동구 명일동,급여월급 210만원,등록일2025-01-13,성별남,업체명파라빌딩,연령무관,지원방법전화 후 방문 010-5005-9185,지원서류,직종주차관리원,채용인원1명
구인상태구인중,"근무내용<카톨릭회관>- 건물 청소원 1명*직무내용 : 건물 내부 청소 업무*근무형태 : 주5일, 06:00~15:00*임       금 : 월급 2,322,050원*고용형태 : 계약직 12개월*지원자격 : 여, ~65세까지*근무장소 : 중구 명동길80 카톨릭회관 / 을지로3가역 12번출구*지원방법 : 팩스지원 02-772-9852*지원서류 : 이력서*정보출처 : 서울노인복지센터",근무시간주5일,근무지역중구 저동,"급여월급 2,322,050원",등록일2025-01-13,성별여,업체명카톨릭회관,연령~65세까지,지원방법팩스지원 02-772-9852,지원서류,직종건물 청소원,채용인원1명
구인상태구인중,"근무내용<밤섬예가클래식아파트>- 아파트 청소원 1명*직무내용 : 아파트 내부 청소 업무*근무형태 : 주5일, 12:00~16:00*임       금 : 월급 105만원*고용형태 : 상용직*지원자격 : 여, ~75세까지*근무장소 : 마포구 신수로2길 26, 밤섬예가클래식아파트 / 광흥창역 4번출구*지원방법 : 전화 후 방문 010-3483-5253*지원서류 : 이력서*정보출처 : 서울노인복지센터",근무시간주5일,근무지역마포구 현석동,급여월급 105만원,등록일2025-01-13,성별여,업체명밤섬예가클래식아파트,연령~75세까지,지원방법전화 후 방문 010-3483-5253,지원서류,직종아파트 청소원,채용인원1명
구인상태구인중,"근무내용< 주식회사라포르 >- 아파트 청소원 1명*직무내용 : 아파트 청소 업무*근무형태 : 주6일 / 월~금 09시~15시 / 토요일 09시~12시*임       금 : 월급 143만원*고용형태 : 계약직 (3개월)*지원자격 : 여*근무장소 : 구로구 개봉로20길 158, 현대홈타운2단지(개봉동) / 개봉역 1번출구*지원방법 : 전화 후 방문 010-4856-3260*지원서류 : 이력서*정보출처 : 고용24",근무시간주6일,근무지역성북구 길음동,급여월급 143만원,등록일2025-01-13,성별남,업체명주식회사라포르,연령무관,지원방법전화 후 방문 010-4856-3260,지원서류,직종아파트 청소원,채용인원1명
구인상태구인중,"근무내용<재단법인 기빙플러스>- 매장판매원 1명*직무내용 : 매장관리, 상품관리, 판매, 구매 고객 응대 등의 업무*근무형태 : 주5일, 오전 10시 45분 ~ 오후 15시 15분*임       금 : 시급 10,100원*고용형태 : 계약직(3개월)*지원자격 : 남여 무관*근무장소 : 동작구 현충로 90, 흑석역 내, 지하1층 2번매장*지원방법 : 이메일지원 givingps@miral.org*지원서류 : 자사 이력서*정보출처 : 고용24",근무시간주5일,근무지역동작구 흑석동,"급여시급 10,100원",등록일2025-01-09,성별남여 무관,업체명재단법인 기빙플러스,연령무관,지원방법이메일지원 givingps@miral.org,지원서류기빙플러스 입사지원서.hwp,직종매장판매원,채용인원1명
구인상태구인중,"근무내용<대한불교보문종>- 건물 청소원 2명*직무내용 : 사찰 내 청소 업무*근무형태 : 주6일, 오전 08:00~11:00 / 오후 12:00~15:00*임       금 : 시급 10,030원, 중식제공*고용형태 : 계약직(24개월)*지원자격 : 여*근무장소 : 성북구 보문사길 20 보문종 / 보문역1번출구*지원방법 : 팩스지원 02-926-9752*지원서류 : 이력서*정보출처 : 서울노인복지센터",근무시간주6일 내용참조,근무지역성북구 보문동,"급여시급 10,030원, 중식제공",등록일2025-01-08,성별여,업체명대한불교보문종,연령무관,지원방법이력서 팩스지원 02-926-9752,지원서류,직종건물 청소원,채용인원2명
구인상태구인중,"근무내용본 구인정보는 노인사회활동지원사업 지하철 택배원 모집 구인정보입니다.<도봉시니어클럽_맘편한지하철택배>- 지하철 택배원 6명*직무내용 : 지하철 택배 배송 업무*근무형태 : 주6일, 08:30~15:00 / 09:30~16:00 격주 토요일 근무*임       금 : 건당 수수료 7.5 : 2.5 / 월 21시간 만근 시, 21만원 추가 지급*고용형태 : 계약직(12개월)*고용보험, 산재보험 적용*지원자격 : 남, 60세~79세*기초생활생계수급자 불가, 취업자 지원 불가*근무장소 : 종로구 창신동 142-19번지 2층 / 동대문 3번출구 인근*지원방법 :전화 후 방문 02-3492-3009*정보출처 : 도봉시니어클럽",근무시간주6일,근무지역종로구 창신동,급여내용참조,등록일2025-01-07,성별남,업체명도봉시니어클럽 맘편한지하철택배,연령60세~79세,지원방법전화 후 방문 02-3492-3009,지원서류,직종지하철 택배원,채용인원6명
구인상태구인중,"근무내용<롯데리아, 상암점>- 매장보조원 1명*매장관리 및 주방 보조 업무*주3일, 일4시간 정도, 시간조정 가능*월급 100만원 이상*계약직(12개월), ~ 2025.12.31까지*남, ~65세까지, 상암동 인근 거주자 우대*근무지 : 마포구 월드컵북로402, KGIT센터 150~2호 / 디지털미디어시티역 9번출구*지원방법 : 이력서 사진으로 찍어 문자 전송 010-5443-4988*지원서류 : 이력서(등본, 통장사본, 위생증은 채용 후 제출)*정보출처 : 서울노인복지센터","근무시간주20시간, 시간조정 가능",근무지역마포구 상암동,급여월급 100만원 이상,등록일2025-01-06,성별남,업체명롯데리아 상암점,연령~65세까지,지원방법이력서 문자지원 010-5443-4988,지원서류,직종매장보조원,채용인원1명
구인상태구인중,"근무내용<커피빈코리아, 안국점>- 매장보조원 1명*매장보조 및 청소 업무*주5일, 평일 13:00~18:30 (휴게 30분)*시급 10,030원(3개월 근무 시 월 4만원 추가)*계약직(3개월)*60세 이상만 지원가능,성별 무관*자격요건: 관련 경력 우대, 고객 응대 서비스*근무지 : 종로구 율곡로 47 걸스카웃회관 커피빈 / 안국역 1번출구*지원방법 :이메일지원 goldenjob@seoulnoin.or.kr*지원서류 : 이력서*정보출처 : 서울노인복지센터※이력서 양식은 자유양식이며, 첨부파일 다운받아 활용 가능합니다.","근무시간주5일, 내용참조",근무지역종로구 안국동,"급여시급 10,030원",등록일2025-01-06,성별무관,업체명커피빈코리아,연령60세 이상,지원방법*상담사 알선 02-6220-8640,지원서류07. 이력서 양식.hwp,직종매장보조원,채용인원1명
구인상태구인중,"근무내용<줌마지하철택배>지하철 배송원 5명*건강하고 스마트폰 문자 보실 수 있는 분, 지하철을 이용한 소형물건 배송,동대문역 주변 및 인근 지하철 배송 오더를 받아 물건 배송*주5일 09:00~18:00 (토요일 자유근무)*급여 50만원~최대 120만원(본인 7.5 : 회사 2.5)*남, 만 65세 이상*근무지 : 서울 및 동대문역 인근*지원방법 : 전화 후 방문 010-3058-0358*정보출처 : 서울노인복지센터",근무시간주5일,근무지역서울 및 동대문역 인근,급여급여 50만원 이상,등록일2024-12-27,성별남,업체명줌마지하철택배,연령65세 이상,지원방법전화 후 방문 010-3058-0358,지원서류,직종지하철 택배원,채용인원5명
구인상태구인중,"근무내용<종로농원>- 지하철 배송원 3명*꽃바구니, 꽃다발 배송 업무(서울, 경기도 전체)*주5일 09:00~16:00 / 주말 근무 선택 가능*1건당 8,000~10,000원*성별 무관, 65세이상, 길찾기 가능하고 건강하신 분*근무지 : 종로구 인사동길 25-1 (인사동) 종로농원 / 종로3가역 5번출구*지원방법 : 전화 후 방문 010-5241-9601*지원서류 : 신분증*정보출처 : 서울노인복지센터",근무시간주5일,근무지역서울시내,"급여건당 8,000~10,000원",등록일2024-12-27,성별무관,업체명종로농원,연령65세 이상~,지원방법전화 후 방문 010-5241-9601,지원서류,직종지하철 배송원,채용인원3명
구인상태구인중,"근무내용<딜리버리 유&미>지하철, 대중교통 배송원 5명-대중교통을 이용한 서류봉투, 간단한 물품 배송 업무-일일 최소 3~4건, 최대 6~7건 / 가까운 거리 최소 7~8천원, 최대25,000원~30,000원-스마트폰 소지자(지도어플, 카카오톡 사용가능자)*주5일 11:00~19:00 사이 근무(휴게 시간 포함)*평균 80만원~140만원, 능력에 따라 상이*근무지 서울 종로구 돈화문로 69 3층 디유엠로직스 -> 서울시내, 경기, 인천 등*보험 미가입*지원방법 : 전화 후 방문 010-5120-0506*지원서류 : 주민등록등본 1통, 주민등록증, 사진1매",근무시간주5일,근무지역서울시내,급여월 80만원,등록일2024-10-21,성별무관,업체명딜리버리 유&미(DUM),연령65세 이상,지원방법*상담사 알선 02-6220-8640,지원서류,직종지하철 택배원,채용인원5명
구인상태구인마감,"근무내용<커피빈코리아, 도심공항점>- 매장보조원 1명*매장보조 및 청소 업무*주5일, 평일 18:00~22:30 (휴게 30분)*시급 10,030원(3개월 근무 시 월4만원 추가)*계약직(3개월)*60세 이상만 지원가능, 성별 무관*근무지 : 강남구 테헤란로87길 22 커피빈(도심공항점) / 삼성역 5번출구*지원방법 :이메일지원 goldenjob@seoulnoin.or.kr*지원서류 : 이력서*정보출처 : 서울노인복지센터※이력서 양식은 자유양식이며, 첨부파일 다운받아 활용 가능합니다.","근무시간주5일, 내용참조",근무지역강남구 삼성동,"급여시급 10,030원",등록일2025-01-17,성별무관,"업체명커피빈코리아, 도심공항점",연령60세 이상,지원방법메일지원,지원서류07. 이력서 양식(2).hwp,직종매장보조원,채용인원1명
구인상태구인마감,"근무내용<센터스퀘어 서울대점>- 주상복합 청소원  1명*직무내용 : 건물 청소 및 관리*근무형태 : 주 5일 08:00~15:30 (휴게 1시간)*임       금 : 월급 180만원*고용형태 : 계약직 3개월(이후 상용직 검토)*지원자격 : 여, 경력 1년 이상 우대*근무장소 : 관악구 신림로 99 센터스퀘어 / 서울대벤처타운역 2번출구*지원방법 : 전화 후 방문 070-7750-1781*지원서류 : 이력서*정보출처 : 고용24",근무시간주 5일 08:00~15:30,근무지역관악구 신림동,급여월급 180만원,등록일2025-01-17,성별여,업체명주식회사케이에스메이트,연령무관,지원방법전화 후 방문 070-7750-1781,지원서류,직종주상복합 청소원,채용인원1명
구인상태구인마감,"근무내용<(주)대명진흥개발>- 아파트 청소원 1명*직무내용 :  아파트 내부 청소 업무*근무형태 : 주5일,  월~금 09:00~15:00*임       금 : 월급 128만원*고용형태 : 계약직 (12개월)*지원자격 : 여*근무장소 : 동작구 여의대방로24다길 40 보라매코오롱하늘채 / 보라매역 1번출구, 신대방삼거리 3번출구*지원방법 : 팩스지원 031-381-0115 / 이메일지원 pchjh81@naver.com / 전화문의 031-384-3535*지원서류 : 이력서*정보출처 : 고용24",근무시간주5일,근무지역동작구 대방동,급여월급 128만원,등록일2025-01-13,성별남,업체명(주)대명진흥개발,연령무관,지원방법팩스지원 031-381-0115,지원서류,직종아파트 청소원,채용인원1명
구인상태구인마감,"근무내용<오행종합개발(주)>- 아파트 청소원 1명*직무내용 : 아파트 청소 업무*근무형태 : 주5일 근무, 09:00~15:00*임       금 : 월급 130만원*고용형태 : 상용직*지원자격 : 여, ~73세까지*근무장소 : 구로구 개봉로20길 6 현대아파트1단지(개봉동) / 개봉역 1번출구*지원방법 : 팩스, 이메일지원 dhgod01@naver.com*지원서류 : 이력서*정보출처 : 고용24",근무시간주5일,근무지역구로구 개봉동,급여월급 130만원,등록일2025-01-13,성별여,업체명오행종합개발(주),연령~73세까지,지원방법이메일지원 dhgod01@naver.com,지원서류,직종아파트 청소원,채용인원1명
구인상태구인마감,"근무내용<한강트럼프월드3차>-  아파트 보안원 1명*직무내용 : 아파트 경비 업무*근무형태 : 주주비/야야비, 주간 08:00~19:00 / 야간19:00~08:00 / 3조2교대*임       금 : 월급 255만원*고용형태 : 계약직 12개월*지원자격 : 남, 일반경비원 신임교육 이수증 필수*근무장소 : 용산구 한강대로 26 한강대우트럼프월드3차 / 용산역 1번출구*지원방법 : 이메일지원 sony3350@nate.com*지원서류 : 이력서*정보출처 : 고용24",근무시간주주비/야야비,근무지역용산구 한강로3가,급여월급 255만원,등록일2025-01-10,성별남,업체명한강트럼프월드3차,연령무관,지원방법이메일지원 sony3350@nate.com,지원서류,직종아파트 보안원,채용인원1명
구인상태구인마감,"근무내용<주식회사한영파트너스에프에이치>-  아파트 경비원 1명*직무내용 : 경비업무*근무형태 : 격일, 07:00~익일07:00*임       금 : 월급 290만원*고용형태 : 계약직 3개월*지원자격 : 남, 일반경비원 신임교육 이수증 필수*근무장소 : 서대문구 통일로 339 (홍제동) 서대문푸르지오센트럴파크아파트 / 무악재역 3번 출구*지원방법 : 전화 후 방문 010-8924-2847 / 팩스지원 031-601-8252*지원서류 : 이력서*정보출처 : 고용24",근무시간계약직 (3개월),근무지역서대문구 홍제동,급여월급 290만원,등록일2025-01-10,성별남,업체명(주)한영파트너스에프에이치,연령무관,지원방법전화 후 방문 010-8924-2847,지원서류,직종아파트 경비원,채용인원1명
구인상태구인마감,"근무내용<주식회사에코그린티엠>아파트 외곽 청소원 1명*아파트 외곽 청소 업무*근무시간 : 격주 근무 / 평일 09:00-15:00 / 격주 토요일 09:00-12:00*임       금 : 월급 1,422,910원*고용형태 : 상용직*지원자격 : 남*근무장소 : 성북구 종암로21길 127(종암동) 종암아이파크1차 / 길음역 1번출구*지원방법 : 전화 후 방문 010-2221-4020*지원서류 : 이력서*정보출처 : 고용24",근무시간격주 근무,근무지역성북구 종암동,"급여월급 1,422,910원",등록일2025-01-10,성별남,업체명주식회사에코그린티엠,연령무관,지원방법전화 후 방문 010-2221-4020,지원서류,직종아파트 외곽 청소원,채용인원1명
구인상태구인마감,근무내용<(유)우원티엠>아파트 외곽 청소원 1명*단지 내외곽/주차장 청소 업무*근무시간 : 격주 근무 / 평일 09:00-15:30 / 격주 토요일 09:00~11:00*임       금 : 월급 154만원*상용직*근무장소 : 성북구 길음동(1284) 길음뉴타운 8단지 아파트*지원방법 : 전화 후 방문 010-2646-3021*지원서류 : 이력서*정보출처 : 고용24,근무시간격주 근무,근무지역성북구 길음동,급여월급 154만원,등록일2025-01-10,성별남,업체명(유)우원티엠,연령무관,지원방법전화 후 방문 010-2646-3021,지원서류,직종아파트 외곽 청소원,채용인원1명
구인상태구인마감,"근무내용<화인홍제빌딩>- 주차관리원 1명*직무내용 : 기계식 주차 관리 업무*근무형태 : 3교대근무, 08:00~17:00 / 06:00~22:00 / 휴무*임       금 : 월급 220만원*고용형태 : 계약직(6개월)*지원자격 : 남*근무장소 : 서대문구 통일로 413 화인홍제빌딩 / 홍제역 3번출구*지원방법 : 전화 후 방문 02-379-0781 / 팩스지원 02-379-0782*지원서류 : 이력서*정보출처 : 고용24",근무시간3교대근무,근무지역서대문구 홍제동,급여월급 220만원,등록일2025-01-09,성별남,업체명화인홍제빌딩,연령무관,지원방법전화 후 방문 02-379-0781,지원서류,직종주차관리원,채용인원1명
구인상태구인마감,"근무내용<새롬에스앤씨 주식회사>- 아파트 청소원 1명*직무내용 :*근무형태 : 주6일, 평일 08:00~15:00(휴게 1시간) / 토요일 08:00~11:00*임       금 : 월급 171만원*고용형태 : 계약직(3개월)*지원자격 : 여*근무장소 : 서초구 잠원로14길 32(잠원동) 래미안 신반포 리오센트 / 잠원역 4번출구*지원방법 : 전화 후 방문 010-9985-8864*지원서류 : 이력서*정보출처 : 고용24",근무시간주6일,근무지역서초구 잠원동,급여월급 171만원,등록일2025-01-09,성별여,업체명새롬에스앤씨 주식회사,연령무관,지원방법전화 후 방문 010-9985-8864,지원서류,직종아파트 청소원,채용인원1명
구인상태구인마감,"근무내용<삼우안전관리유한책임회사>- 아파트 외곽 청소원 1명*직무내용 : 아파트 외곽 청소 업무*근무형태 : 주6일, 평일 09:00~17:00 ( 휴게 1.5시간) / 토요일 09:00 ~ 12:00*임       금 : 월급 183 만원*고용형태 : 계약직(12개월)*지원자격 : 남, 복지카드 소지자 우대*근무장소 : 영등포구 당산로 95, 당산2가 현대아파트 / 영등포구청역 6번출구*지원방법 : 전화 후 방문 010-8823-5470*지원서류 : 이력서*정보출처 : 고용24",근무시간주6일,근무지역영등포구 당산동,급여월급 183 만원,등록일2025-01-09,성별남,업체명삼우안전관리유한책임회사,연령무관,지원방법전화 후 방문 010-8823-5470,지원서류,직종아파트 외곽 청소원,채용인원1명
구인상태구인마감,"근무내용<주식회사이안>- 아파트 외곽 청소원 2명*직무내용 : 아파트 내 공용부분 청소 업무*근무형태 : 주6일, 09:00-15:30(휴게 1시간 30분) / 토요일 09:00~12:00화요일 2시간 추가 근무 (09:00~17:30), 수당있음*임       금 : 월급 143만원*고용형태 : 계약직(3개월)*지원자격 : 남*근무장소 : 마포구 백범로25길 63 (염리동) 삼성래미안 / 대흥역 2번출구*지원방법 : 전화 후 방문 010-2899-9597*지원서류 : 이력서*정보출처 : 고용24",근무시간주6일,근무지역마포구 염리동,급여월급 143만원,등록일2025-01-09,성별남,업체명주식회사이안,연령무관,지원방법전화 후 방문 010-2899-9597,지원서류,직종아파트 외곽 청소원,채용인원2명
구인상태구인마감,"근무내용<인우빌딩>- 건물 관리원 1명*빌딩 관리 업무*격일, 08:00~익일08:00*월급 230만원*상용직*남, 소방안전관리자2급 자격증 우대*근무지 : 마포구 토정로35길 11 인우빌딩 / 마포역 1번출구*지원방법 : 전화 후 방문 010-5279-7311*지원서류 : 이력서*정보출처 : 고용24","근무시간격일, 08:00~익일08:00",근무지역마포구 용강동,급여월급 230만원,등록일2025-01-07,성별남,업체명인우빌딩,연령무관,지원방법전화 후 방문 010-5279-7311,지원서류,직종건물 관리원,채용인원1명
구인상태구인마감,"근무내용<주식회사금조산업>- 빌딩 경비원 1명*건물 경비 업무*주5일, 09:00~18:00(격일제 전환예정)*월급 217만원*상용직*남, 일반경비원 신임교육 이수증 필수*근무지 : 성동구 성수일로 39-34 서울숲 더스페이스 / 뚝섬역 5,6번출구*지원방법 : 팩스지원 02-761-1162 / 전화지원 02-761-1086*지원서류 : 이력서*정보출처 : 고용24",근무시간주5일,근무지역성동구 성수동,급여월급 217만원,등록일2025-01-07,성별남,업체명주식회사금조산업,연령무관,지원방법팩스지원 02-761-1162,지원서류,직종빌딩 경비원,채용인원1명
구인상태구인마감,"근무내용<(주)홈스웰>- 아파트 외곽 청소원 1명*아파트 외곽 청소 업무*격주, 평일 08:00~16:00 / 격주 토 08:00~12:00*월급 1,892,200원*계약직(3개월)*남*근무지 : 용산구 서빙고로 31, 용산시티파크2단지트 / 신용산역 2번출구*지원방법 : 전화 후 방문 010-6741-7951*지원서류 : 이력서*정보출처 : 고용24","근무시간격주, 내용참조",근무지역용산구 한강로3가,"급여월급 1,892,200원",등록일2025-01-06,성별남,업체명(주)홈스웰,연령무관,지원방법전화 후 방문 010-6741-7951,지원서류,직종아파트 외곽 청소원,채용인원1명
구인상태구인마감,"근무내용<커피빈코리아, 도심공항점>- 매장보조원 1명*매장보조 및 청소 업무*주5일, 평일 18:00~22:30 (휴게 30분)*시급 10,030원(3개월 근무 시 월4만원 추가)*계약직(3개월)*60세 이상만 지원가능, 성별 무관*근무지 : 강남구 테헤란로87길 22 커피빈(도심공항점) / 삼성역 5번출구*지원방법 :이메일지원 goldenjob@seoulnoin.or.kr*지원서류 : 이력서*정보출처 : 서울노인복지센터※이력서 양식은 자유양식이며, 첨부파일 다운받아 활용 가능합니다.","근무시간주5일, 내용참조",근무지역강남구 삼성동,"급여시급 10,030원",등록일2025-01-06,성별무관,"업체명커피빈코리아, 도심공항점",연령60세 이상,지원방법*상담사 알선 02-6220-8640,지원서류07. 이력서 양식(0).hwp,직종매장보조원,채용인원1명
구인상태구인마감,"근무내용<예주산업(주)>- 아파트 청소원 1명*아파트 내부 청소 업무*주5일, 09:00~15:00*월급 130만원*계약직(12개월)*여*근무지 : 도봉구 해등로 50 (창동) 주공3단지아파트 / 창동역 2번출구*지원방법 : 전화 후 방문 010-9612-0191 / 팩스지원 02-335-0999*지원서류 : 이력서*정보출처 : 고용24","근무시간주5일, 09:00~15:00",근무지역도봉구 창동,급여월급 130만원,등록일2025-01-03,성별여,업체명예주산업(주),연령무관,지원방법전화 후 방문 010-9612-0191,지원서류,직종아파트 청소원,채용인원1명
구인상태구인마감,"근무내용<지앤지자산관리주식회사>- 빌딩 보안원 1명*빌딩 순찰, 내방객 관리, 주차 관제 업무*격일, 07:00~익일07:00*월급 240만원 (1식 제공)*계약직(12개월)*남, PC사용 가능자*근무지 : 마포구 와우산로 48 (상수동) 로하스타워 / 상수역 2번출구*지원방법 : 팩스지원 02-2135-3208 / 이메일지원 daykyd@naver.com*지원서류 : 이력서*정보출처 : 고용24","근무시간격일, 07:00~익일07:00",근무지역마포구 상수동,급여월급 240만원,등록일2025-01-03,성별남,업체명지앤지자산관리주식회사,연령무관,지원방법팩스지원 02-2135-3208,지원서류,직종빌딩 보안원,채용인원1명
구인상태구인마감,"근무내용<주식회사창공엔지니어링>- 가스 검침원 2명*도시가스 계량기 검침, 송달 및 사용시설 안전점검 업무*주5일, 09:00~18:00*월급 245만원*계약직(12개월)*여*근무지 : 광진구 자양번영로5길 8 3층 / 자양역 1번출구*지원방법 : 팩스지원 02-6713-7084 / 이메일지원 knt514@naver.com*지원서류 : 이력서*정보출처 : 고용24","근무시간주5일, 09:00~18:00",근무지역광진구 자양동,급여월급 245만원,등록일2025-01-03,성별여,업체명주식회사창공엔지니어링,연령무관,지원방법팩스 지원 02-6713-7084,지원서류,직종가스 검침원,채용인원2명
구인상태구인마감,"근무내용<춘태개발>- 상가 청소원 1명*복도, 계단, 화장실 청소 업무*주5일, 09:00~17:00(휴게 2시간)*월급 185만원*계약직(12개월)*여*근무지 : 동대문구 망우로21길 52(휘경동) / 회기역 2번출구*지원방법 : 전화 후 방문 02-2215-9555 / 팩스지원 02-2245-0086*지원서류 : 이력서*정보출처 : 고용24","근무시간주5일, 09:00~17:00(휴게 2시간)",근무지역동대문구 휘경동,급여월급 185만원,등록일2025-01-03,성별여,업체명춘태개발,연령무관,지원방법전화 후 방문 02-2215-9555,지원서류,직종상가 청소원,채용인원1명
구인상태구인마감,"근무내용<(주)미래에이비엠>- 아파트 외곽 청소원 1명*아파트 외곽 청소 업무*주5일, 월,수요일: 08:00~15:00 / 화, 목, 금: 09:00~16:0030시간)*월급 1,619,700원*계약직(12개월)*남*근무지 : 중랑구 신내로 127 (신내동) 신내9단지아파트 / 봉화산역 3번출구*지원방법 : 전화 후 방문 010-2932-1838*지원서류 : 이력서*정보출처 : 고용24",근무시간주5일,근무지역중랑구 신내동,"급여월급 1,619,700원",등록일2025-01-03,성별남,업체명(주)미래에이비엠,연령무관,지원방법전화 후 방문 010-2932-1838,지원서류,직종아파트 외곽 청소원,채용인원1명
구인상태구인마감,"근무내용<(주)새암씨앤에스>- 빌딩 경비원 1명*경비, 주차 관리 업무*격일, 07:00~익일07:00 (휴게 10.5시간)*월급 225만원*계약직(12개월)*남, 일반경비원 신임교육이수증 필수, 복지카드 소지자 우대*근무지 : 서초구 서초대로77길 61 (서초동) S&G 타워 / 신논현역 7번출구*지원방법 : 이메일지원 choibj00@naver.com / 전화지원 031-781-9855*지원서류 : 이력서*정보출처 : 고용24","근무시간격일, 07:00~익일07:00",근무지역서초구 서초동,급여월급 225만원,등록일2024-12-30,성별남,업체명(주)새암씨앤에스,연령무관,지원방법이메일지원 choibj00@naver.com,지원서류,직종빌딩 경비원,채용인원1명
구인상태구인마감,"근무내용<(주)태원에이엠>- 빌딩 안내원 1명*빌딩 안내데스크 방문객 안내 업무*격일, 07:00~익일07:00 (휴게 8시간)*월급 277만원*계약직(12개월)*남, 일반경비원 신임교육이수증 필수*근무지 : 영등포구 국회대로62길 15(여의도동) 광복회관 / 국회의사당역 4번출구*지원방법 : 이메일지원 taewonamam@naver.com / 팩스지원 02-470-4107*지원서류 : 이력서*정보출처 : 고용24","근무시간격일, 07:00~익일07:00",근무지역영등포구 여의도동,급여월급 277만원,등록일2024-12-30,성별남,업체명(주)태원에이엠,연령무관,지원방법팩스지원 02-470-4107,지원서류,직종빌딩 안내원,채용인원1명
구인상태구인마감,"근무내용<인덕종합관리(주)>- 아파트 청소원 1명*아파트 내부 청소 업무, 신주없음*주6일, 평일 08:30~15:00 / 토요일 08:30~11:30*월급 157만원*계약직(12개월)*여*근무지 : 서대문구 세검정로 134 (홍제동) 유원하나아파트*지원방법 : 전화 후 방문 010-3559-9840*지원서류 : 이력서*정보출처 : 고용24",근무시간주6일,근무지역서대문구 홍제동,급여월급 157만원,등록일2024-12-30,성별여,업체명인덕종합관리(주),연령무관,지원방법전화 후 방문 010-3559-9840,지원서류,직종아파트 청소원,채용인원1명
구인상태구인마감,"근무내용<(주)푸디스엘엔에프>- 주방 보조원 1명*직원식당 주방보조, 설거지 업무*중식만 150식, 찬모있음, 퇴직금, 연차사용가능*주6일 09:00~16:00 (휴게시간 30분)*시급 13,000원*상용직*여*근무지 : 강남구 강남대로 492 HM타워 나나성형외과 / 신논현역 3번출구*지원방법 : 전화 후 방문 010-8710-3228*지원서류 : 이력서*정보출처 : 고용24",근무시간주6일 09:00~16:00,근무지역강남구 논현동,"급여시급 13,000원",등록일2024-12-30,성별여,업체명(주)푸디스엘엔에프,연령무관,지원방법전화 후 방문 010-8710-3228,지원서류,직종주방 보조원(병원),채용인원1명
구인상태구인마감,"근무내용<대신관리주식회사>- 아파트 경비원 1명*아파트 경비 업무*격일 07:00~익일07:00 (휴게 10시간)*월급 224만원*계약직(12개월)*남, 일반경비원 신임교육이수증 필수*근무지 : 성동구 금호동2가 금호로 111(금호동) 하이리버 / 신금호역 4번출구*지원방법 : 전화 후 방문 010-7101-7845*지원서류 : 이력서*정보출처 : 고용24",근무시간격일 07:00~익일07:00,근무지역성동구 금호동,급여월급 224만원,등록일2024-12-30,성별남,업체명주식회사 해광,연령무관,지원방법전화 후 방문 010-7101-7845,지원서류,직종아파트 경비원,채용인원1명
구인상태구인마감,"근무내용<(주)대종실업>- 교회 청소원 1명*교회 내부 청소 업무*주5일, 월~토 08:00~17:00 (일요일과 월요일이나 화요일 휴무)*월급 210만원*계약직(12개월)*여, ~65세까지*1월2일 출근예정*근무지 : 중구 퇴계로 61 금오빌딩 6,7층 / 회현역 6번출구*지원방법 : 전화 후 방문 010-5231-8058*지원서류 : 이력서*정보출처 : 서울노인복지센터","근무시간주5일, 내용참조",근무지역중구 남창동,급여월급 210만원,등록일2024-12-30,성별여,업체명(주)대종실업,연령~68세까지,지원방법전화 후 방문 010-5231-8058,지원서류,직종교회 청소원,채용인원1명
구인상태구인마감,"근무내용<대신관리주식회사>- 아파트 외곽 청소원 1명*아파트 외곽 청소 업무*주6일, 평일 09:00~17:00, 토요일 09:00~15:00*월급 205만원*계약직(12개월)*남, 복지카드소지자 우대*근무지 : 광진구 뚝섬로34길 25-19 자양10차현대홈타운 / 자양역 1번출구*지원방법 : 전화 후 방문 02-3494-5787*지원서류 : 이력서*정보출처 : 고용24",근무시간주6일,근무지역광진구 자양동,급여월급 205만원,등록일2024-12-27,성별남,업체명대신관리주식회사,연령무관,지원방법전화 후 방문 02-3494-5787,지원서류,직종아파트 외곽 청소원,채용인원1명
구인상태구인마감,"근무내용<에이치디씨랩스(주)>- 빌딩 외곽청소원 2명*재활용 수거(외곽) 및 주차장 청소 업무*주5일, 14:00~22:00 (휴게 1.5시간)*월급 182만원(25년1월 인상예정)*계약직(12개월)*남*근무지 : 광진구 능동로 90, 더클래식500 (자양동) / 건대입구역 4, 5번출구*지원방법 : 문자지원 010-7114-2119 (이력서 찍어서 문자발송, 사진필수)*지원서류 : 이력서*정보출처 : 고용24",근무시간주5일,근무지역광진구 자양동,급여월급 182만원,등록일2024-12-27,성별남,업체명에이치디씨랩스(주),연령무관,지원방법문자지원 010-7114-2119,지원서류,직종빌딩 외곽청소원,채용인원2명
구인상태구인마감,"근무내용<지앤비시스템>- 병원 청소원 1명*병원 내 청소 업무*주6일, 평일 07:00~16:00 (휴게 1시간), 토 07:00~09:30*월급 2,260,000원(중식 제공)*상용직*여, 인근 거주자 및 경력자 우대*근무지 : 노원구 노해로 456 동방빌딩 노원삼성정형외과 / 노원역 6번출구*지원방법 : 전화 후 방문 010-9974-6672*지원서류 : 이력서*정보출처 : 서울노인복지센터",근무시간주6일,근무지역노원구 상계동,"급여월급 2,260,000원",등록일2024-12-26,성별여,업체명(주)지앤비시스템,연령무관,지원방법전화 후 방문 010-9974-6672,지원서류,직종병원 청소원,채용인원1명
구인상태구인마감,"근무내용<지앤비시스템>- 병원 청소원 1명*한방병원 내 청소 업무*주6일 06:00~15:00 (휴게 2시간)*월급 2,223,000원(조/중식 제공)*상용직*여, 인근 거주자 및 경력자 우대*근무지 : 서초구 서초대로 338(서초동) 모커리한방병원 / 교대역 1번출구*지원방법 : 전화 후 방문 010-5204-7966*지원서류 : 이력서*정보출처 : 서울노인복지센터",근무시간주6일 06:00~15:00,근무지역서초구 서초동,"급여월급 2,223,000원",등록일2024-12-26,성별여,업체명(주)지앤비시스템,연령무관,지원방법전화 후 방문 010-5204-7966,지원서류,직종병원 청소원,채용인원1명
구인상태구인마감,"근무내용<(주)두원에이앤씨>- 아파트 경비원 1명*격일, 06:00~익일 06:00(휴게 주간4h/야간6.75h)*월급 213만원*상용직*남, 일반경비원 신임교육이수증 필수*근무지 : 서대문구 세무서2길 64(홍제동) 현대그린아파트 / 3호선 홍제 2번출구*지원방법 : 팩스지원 02-395-1138 / 이메일지원 hdgr1135@hanmail.net*지원서류 : 이력서*정보출처 : 고용24","근무시간격일, 06:00~익일 06:00",근무지역서대문구 홍제동,급여월급 213만원,등록일2024-12-26,성별남,업체명(주)두원에이앤씨,연령무관,지원방법팩스지원 02-395-1138,지원서류,직종아파트 경비원,채용인원1명
구인상태구인마감,"근무내용<(주)알앤지서비스>- 빌딩 경비원 1명*빌딩 경비, 보안, 안내 업무*격일, 07:00~익일 07:00 (휴게 11시간)*월급 234만원 (조식, 석식, 가면실 제공)*상용직*남, 일반경비원 신임교육이수증 필수, 제대군인*근무지 : 서초구 강남대로 213(양재동) 스포타임 엘타워 / 양재역 9번출구*지원방법 : 전화 후 방문 02-501-8235 / 이메일지원 rngservice-mik@naver.com*지원서류 : 이력서*정보출처 : 고용24","근무시간격일, 07:00~익일07:00",근무지역서초구 양재동,급여월급 234만원,등록일2024-12-24,성별남,업체명(주)알앤지서비스,연령무관,지원방법전화 후 방문 02-501-8235,지원서류,직종빌딩 경비원,채용인원1명
구인상태구인마감,"근무내용<주식회사태양삼차원환경>- 아파트 경비원 1명*단지내 입주민 안전 및 질서유지, 분리수거, 주차관리, 순찰 업무*격일, 06:00~익일 06:00*월급 2,213,130원*계약직(3개월/계약만료 후 상용직 전환검토)*남, 일반경비원 신임교육이수증 필수*근무지 : 광진구 아차산로70길 62(광장동) 현대3단지아파트 / 5호선 광나루역 3번출구*지원방법 : 이력서 사진 찍어 문자 전송 010-8515-1709 / 팩스지원 031-568-2950*지원서류 : 이력서*정보출처 : 고용24","근무시간격일, 06:00~익일06:00",근무지역광진구 광장동,"급여월급 2,213,130원",등록일2024-12-24,성별남,업체명주식회사태양삼차원환경,연령무관,지원방법이력서 문자지원 010-8515-1709,지원서류,직종아파트 경비원,채용인원1명
구인상태구인마감,"근무내용<주식회사 에스디개발관리>- 시설관리원 2명*전기, 소방, 기계설비, 주차타워 등 안전관리 업무*격일 09:00~익일 09:00*월급 280만원*상용직*남,경력자 우대,전기기능사, 소방안전관리자, 기계식주차관리자 등 자격증 소지자 우대*근무지 : 강남구 언주로 624 (논현동) 아츠 관리사무소  / 학동역 1번 출구*지원방법 : 팩스지원 02-540-6241 / 이메일지원 aatz231030@naver.com*지원서류 : 이력서, 자기소개서*정보출처 : 고용24",근무시간격일 09:00~익일 09:00,근무지역강남구 논현동,급여월급 280만원,등록일2024-12-24,성별남,업체명주식회사 에스디개발관리,연령무관,지원방법팩스지원 02-540-6241,지원서류,직종시설관리원,채용인원2명
구인상태구인마감,"근무내용<(주)두원에이앤씨>- 아파트 청소원 2명*내부 커뮤니티 체육시설, 사우나 청소 업무*주6일 1조 08:00-15:00 / 2조 15:00-22:00 (휴게 1시간)*월급 181만원*계약직(12개월)*남, ~65세까지*근무지 : 동대문구 답십리로 27 (전농동) 청량리역 롯데캐슬 / 청량리역 5번 출구*지원방법 : 전화 후 방문 010-5021-5716*지원서류 : 이력서*정보출처 : 고용24",근무시간주6일,근무지역동대문구 전농동,급여월급 181만원,등록일2024-12-24,성별남,업체명(주)두원에이앤씨,연령~65세까지,지원방법전화 후 방문 010-5021-5716,지원서류,직종아파트 청소원,채용인원2명
구인상태구인마감,"근무내용<(주)씨엠시설관리>- 빌딩 경비원 1명 모집*격일, 06:00~익일 06:00 (휴게: 주간6.5, 야간7.5시간)*월급 170만원*계약직(12개월)*남, 경비교육 이수,경력 1년 우대, 쌀 지원*근무지 : 종로구 인사동5길 20 (관훈동) 오원빌딩*지원방법 : 전화 후 방문 010-6341-2517*지원서류 : 이력서*정보출처 : 고용24","근무시간격일, 06:00~익일 06:00",근무지역종로구 관훈동,급여월급 170만원,등록일2024-12-24,성별남,업체명(주)씨엠시설관리,연령~72세까지,지원방법전화 후 방문 010-6341-2517,지원서류,직종빌딩 경비원,채용인원1명
구인상태구인마감,"근무내용<(주)경진이앤지>- 아파트 경비원 1명*아파트 정문차량부스 내 업무격일, 06:00~익일06:00 (휴게 10.6시간)*월급 215만원*계약직(12개월)*남, 일반경비원 신임교육 이수증 필수, 복지카드 소지 필수*근무지 : 성동구 성수동1가 상원길 63, 성수쌍용아파트 / 뚝섬역 2번 출구*지원방법 : 전화 후 방문 010-3721-8712 /  팩스지원 02-2684-8264*지원서류 : 이력서*정보출처 : 고용24",근무시간격일 06:00~익일06:00,근무지역성동구 성수동,급여월급 215만원,등록일2024-12-24,성별남,업체명(주)경진이앤지,연령~72세까지,지원방법전화 후 방문 010-3721-8712,지원서류,직종아파트 경비원,채용인원1명
구인상태구인마감,"근무내용<(주)씨엠시설관리>- 빌딩 청소원 1명*빌딩 공용부, 화장실 청소 업무*주5일, 06:00~14:00 (휴게 2시간)*월급 174만원, 쌀 제공*계약직(12개월)*여, 경력 1년 이상*근무지 : 강남구 테헤란로26길 6(역삼동) 진성빌딩 / 역삼역 3번 출구*지원방법 : 전화 후 방문 010-6341-2517*지원서류 : 이력서*정보출처 : 고용24",근무시간주5일,근무지역강남구 역삼동,급여월급 174만원,등록일2024-12-24,성별여,업체명(주)씨엠시설관리,연령무관,지원방법전화 후 방문 010-6341-2517,지원서류,직종빌딩 청소원,채용인원1명
구인상태구인마감,"근무내용<비씨엔서비스(주)>- 빌딩 경비원 1명*빌딩 경비 업무*월급 220만원*격일교대 / 평일: 14:00~익일07:30(격일근무),  토,일,공휴일: 07:00~익일 07:00(24시간 격일)*상용직*남, 경비교육 우대, 경력자 우대*근무지 : 강남구 영동대로 312 (대치동) / 삼성역 인근*지원방법: 팩스지원 02-3295-4898*지원서류: 이력서",근무시간*격일교대 / 평일: 14:00~익일07:30,근무지역강남구 대치동,급여월급 220만원,등록일2024-12-23,성별남,업체명비씨엔서비스(주),연령~72세,지원방법이력서 팩스지원 02-3295-4898,지원서류,직종빌딩 경비원,채용인원1명
구인상태구인마감,"근무내용<(주)두원에이앤씨>- 아파트 외곽 청소원 1명*외곽청소 및 관리실 관리 업무*주5일, 09:00~16:00 (화 09:00~18:00, 분리수거업무)*월급 177만원*상용직*남*근무지 : 종로구 통일로 246-11(무악동) 무악현대아파트 / 독립문역 3-1번 출구*지원방법 : 팩스지원 02-861-5026 / 전화문의 02-865-5025*지원서류 : 이력서*정보출처 : 고용24",근무시간주5일,근무지역종로구 무악동,급여월급 177만원,등록일2024-12-20,성별남,업체명(주)두원에이앤씨,연령무관,지원방법팩스지원 02-861-5026,지원서류,직종아파트 외곽 청소원,채용인원1명
구인상태구인마감,"근무내용<승인산업주식회사>- 아파트 외곽 청소원 3명*아파트 외곽 청소 업무*주6일, 평일 09:00~16:00(휴게 1시간) / 격주토 09:00~12:00*월급 159만원*계약직(3개월)*남*근무지 : 성동구 독서당로 272(금호동), 금호대우아파트 / 옥수역 1번출구*지원방법 : 전화 후 방문 02-923-3231 / 팩스지원 02-923-3354*지원서류 : 이력서*정보출처 : 고용24",근무시간주6일,근무지역성동구 금호동,급여월급 159만원,등록일2024-12-20,성별남,업체명승인산업주식회사,연령무관,지원방법전화 후 방문 02-923-3231,지원서류,직종아파트 외곽 청소원,채용인원3명
구인상태구인마감,"근무내용<센시티16공동주택대표회의>- 오피스텔 관리원 1명*분리수거, 외곽청소, 주차관리 업무 등*격일, 07:00~익일07:00(휴게시간:오후10시 30분~익일(오전) 5시 30분, 12:00~13:30, 17:30~19:30)*월급 2,193,000원*계약직(12개월)*남, 근거리 거주자, 경력 1년이상 우대*근무지 : 동대문구 전농로 16, 센시티16 관리사무소(답십리동) / 5호선 답십리 4번출구*지원방법 : 전화 후 방문 02-2248-2620,이력서 사진찍어 문자전송 가능 02-2248-2620*지원서류 : 이력서*정보출처 : 고용24","근무시간격일, 07:00~익일07:00",근무지역동대문구 답십리동,"급여월급 2,193,000원",등록일2024-12-20,성별남,업체명센시티16공동주택대표회의,연령~68세까지,지원방법전화 후 방문 02-2248-2620,지원서류,직종오피스텔 관리원,채용인원1명
구인상태구인마감,"근무내용<한림종합관리(주)>- 빌딩 경비원 1명*순찰 및 건물 내 관리, 야간 재활용 분리 업무*격일, 06:30~06:30(휴게 11시간)*월급 226만원*계약직(6개월)*남, 일반경비원신임교육 이수증 필수*근무지 : 광진구 아차산로 229(화양동) 한림타워  / 건대입구역 1번출구*지원방법 : 문자지원(이력서 사진찍어 문자발송) 010-2411-2882*지원서류 : 이력서*정보출처 : 고용24",근무시간격일06:30~익일06:30,근무지역광진구 화양동,급여월급 226만원,등록일2024-12-19,성별남,업체명한림종합관리(주),연령무관,지원방법문자지원 010-2411-2882,지원서류,직종빌딩 경비원,채용인원1명
구인상태구인마감,"근무내용<하나로퀵서비스>- 지하철배송원 10명*직무- 대중교통 이용 서울, 수도권 서류 배송 업무- 건강하고 길찾기 가능하신 분*주5일, 평일 09:00~18:00 (탄력근무 가능)*평균 50만원 이상*상용직*성별무관, 65~70세까지*근무지 : 중구 을지로 4가 74 3층 / 을지로4가역 1번출구*지원방법 : 전화지원 1588-5174*지원서류 : 이력서*정보출처 : 서울노인복지센터",근무시간주5일,"근무지역서울, 수도권",급여평균 50만원 이상,등록일2024-12-17,성별무관,업체명하나로퀵서비스,연령~70세까지,지원방법전화지원 1588-5174,지원서류,직종지하철 배송원,채용인원10명
구인상태구인마감,"근무내용<메트로불광센터>- 단순직(일용) 1명*경복궁역 인근 배송된 신문을 신문함에 진열(배포)하는 업무*주5일, 평일 07:00~09:00*시급 9,860원(약 39만원)*상용직*성별무관, 연령무관*근무지 : 종로구 사직로 130 / 경복궁역 인근*지원방법 : 전화지원 010-8304-0159*지원서류 : 이력서*정보출처 : 서울노인복지센터",근무시간주5일 07:00~09:00,근무지역종로구 적선동,"급여시급 9,860원",등록일2024-12-17,성별무관,업체명메트로불광센터,연령무관,지원방법전화지원 010-8304-0159,지원서류,직종단순직,채용인원1명
구인상태구인마감,"근무내용<태영건물종합관리 주식회사>- 아파트 외곽 청소원 1명*주6일, 평일 8:30~15:30(휴게시간 11:30~13:30) / 토 09:00~10:00*월급: 25년 임금 1,479,620원 (시급 10,030원)*계약직 (17개월/계약기간 만료 후 상용직전환검토)*남, 청소경력자우대, 출근일 25.01.01*근무지 : 성북구 길음로 74 (길음동) 래미안길음2차 / 길음역 7번출구*지원방법 : 전화 후 방문 010-2890-8039*지원서류 : 이력서*정보출처 : 고용24",근무시간주6일,근무지역성북구 길음동,"급여월급 1,479,620원",등록일2024-12-17,성별남,업체명태영건물종합관리 주식회사,연령~73세까지,지원방법전화 후 방문 010-2890-8039,지원서류,직종아파트 외곽청소원,채용인원1명
구인상태구인마감,"근무내용<(주)듀델코리아>- 아파트 경비원 1명*아파트 경비 업무*격일, 06:00~익일 06:00 (휴게 10시간)*월급 228만원*계약직(3개월)*남, 신임경비교육이수자 필수, 복지카드 소지자 우대*근무지 : 관악구 조원로16길 7(신림동) 신도브래뉴아파트 / 신대방역 2번출구*지원방법 : 전화 후 방문 010-8323-9294*지원서류 : 이력서*정보출처 : 고용24",근무시간격일06:00~익일06:00,근무지역관악구 신림동,급여월급 228만원,등록일2024-12-17,성별남,업체명(주)듀델코리아,연령무관,지원방법전화 후 방문 010-8323-9294,지원서류,직종아파트 경비원,채용인원1명
구인상태구인마감,"근무내용<주식회사케이두레>- 주차관리원 1명*건물 관리, 주차관리 업무*격일, 06:30~익일06:30 (휴게 9.5시간)*월급 248만원*계약직(12개월)*남, 운전면허 필수*근무지 : 강서구 공항대로 287 (등촌동) / 발산역 4번출구*지원방법 : 전화 후 방문 010-2525-8272*지원서류 : 이력서*정보출처 : 고용24",근무시간격일06:30~익일06:30,근무지역강서구 등촌동,급여월급 248만원,등록일2024-12-17,성별남,업체명주식회사케이두레,연령~67세까지,지원방법전화 후 방문 010-2525-8272,지원서류,직종주차관리원,채용인원1명
구인상태구인마감,"근무내용<코오롱엘에스아이주식회사>- 빌딩 외곽 청소원 1명*빌딩 외곽 청소 업무*주5일, 07:00~16:00*월급 198만원*계약직(12개월)*남, 경력 1년이상*근무지 : 강서구 화곡로 416 (등촌동) 지식산업센터 / 가양역 7번출구*지원방법 : 문자지원(이력서 사진찍어 문자발송) 010-5081-1092 / 이메일지원 skyv05@naver.com*지원서류 : 이력서*정보출처 : 고용24",근무시간주5일,근무지역강서구 등촌동,급여월급 198만원,등록일2024-12-17,성별남,업체명코오롱엘에스아이주식회사,연령무관,지원방법문자지원(이력서) 010-5081-1092,지원서류,직종빌딩 외곽 청소원,채용인원1명
구인상태구인마감,"근무내용<(주)경진이앤지>- 아파트 경비원 2명*아파트 경비 업무*격일, 06:00~익일 06:00 (휴게 9.5시간)*월급 236만원*계약직(8개월)*남, 신임경비교육이수자 필수*근무지 : 강서구 등촌로 163 (등촌동) 아이파크 / 등촌역 7번출구*지원방법 : 팩스지원 02-2684-8264*지원서류 : 이력서*정보출처 : 고용24",근무시간격일06:00~익일06:00,근무지역강서구 등촌동,급여월급 236만원,등록일2024-12-17,성별남,업체명(주)경진이앤지,연령무관,지원방법팩스지원 02-2684-8264,지원서류,직종아파트 경비원,채용인원2명
구인상태구인마감,"근무내용<동대문구시설관리공단>- 사무보조원 1명*직무- 접수처 및 민원관리 업무- 이용요금 수납 및 수입금 관리- 사무행정 업무- 기타 일반업무 지원*주6일, 화~일 18:30~23:00 일4시간 근무 (야간전담 인력 / 단시간근로자)*시급 11,779원*계약직(3개월), 3개월 단위 연장계약 체결*60세 이상*근무지 : 동대문구 무학로 89 동대문구시설관리공단 / 신설동역 9번출구*지원방법 : 공단 누리집 내 채용접수(지원서작성) 에서 온라인 작성 입력 후 지원(https://www.dfmc.kr/course/recruit_new/recruit_list.asp)접수 바로가기*지원서류 : 공단 누리집 참조*정보출처 : 동대문구시설관리공단채용문의02-6929-0391",근무시간주6일 내용참조,근무지역동대문구 용두동,"급여시급 11,779원",등록일2024-12-17,성별무관,업체명동대문구시설관리공단,연령60세이상,지원방법온라인접수,지원서류,직종사무보조원,채용인원1명
구인상태구인마감,"근무내용<주식회사에프터클린>- 빌딩 경비원 1명*빌딩 경비 업무*주6일, 09:00~19:00, 토 09:00-12:00*월급 230만원*상용직*남, 소방안전, 승강기안전관리자 자격증 필수*근무지 : 강남구 논현로167길 19(신사동) 남도빌딩  / 압구정역 4번출구*지원방법 : 팩스지원 0505-304-5404*지원서류 : 이력서*정보출처 : 고용24",근무시간주6일,근무지역강남구 신사동,급여월급 230만원,등록일2024-12-13,성별남,업체명주식회사에프터클린,연령무관,지원방법팩스지원 0505-304-5404,지원서류,직종빌딩 경비원,채용인원1명
구인상태구인마감,"근무내용<(주)듀델코리아>- 아파트 외곽 청소원 1명*아파트 외곽 청소 업무*주6일, 08:00~15:00(휴게 1시간), 격주 토 08:00-11:00*월급 183만원*계약직(3개월)*남, 복지카드 소지자 우대*근무지 : 은평구 통일로 630 (녹번동) 래미안베라힐즈 / 녹번역 1번출구*지원방법 : 전화 후 방문 010-9012-0216*지원서류 : 이력서*정보출처 : 고용24",근무시간주6일,근무지역은평구 녹번동,급여월급 183만원,등록일2024-12-13,성별남,업체명(주)듀델코리아,연령무관,지원방법전화 후 방문 010-9012-0216,지원서류,직종아파트 외곽 청소원,채용인원1명
구인상태구인마감,"근무내용<엘림에스(유)>- 아파트 외곽 청소원 1명*아파트 외곽 청소 업무*주6일, 평일 09:00~16:00 (휴게 1.5시간), 토 09:00~12:00*월급 156만원*계약직(3개월)*남, 복지카드 소지자 우대*근무지 : 강서구 공항대로 382 (화곡동) 우장산롯데캐슬*지원방법 : 전화 후 방문 010-3899-6914 / 팩스지원 070-4170-4501*지원서류 : 이력서*정보출처 : 고용24",근무시간주6일,근무지역강서구 화곡동,급여월급 156만원,등록일2024-12-13,성별남,업체명엘림에스(유),연령무관,지원방법전화 후 방문 010-3899-6914,지원서류,직종아파트 외곽 청소원,채용인원1명
구인상태구인마감,"근무내용2025년 서울 동행일자리 사업(지하철 안전도우미) 참여자 모집채용공고 바로가기1. 신청기간: 2024.12. 12.(목)~ 2024.12. 18.(수) 17:002. 사업기간: 2025. 1. 23.(목) ~ 2025. 6. 30.(월) (5개월 7일)* 합격자 발표 일정에 따라 시작일 변동 가능, 연장 계약 및 정규직 전환 불가3. 모집인원:(오전) 혼잡도 안전도우미 75명(오후) 취약시간 안전도우미 75명4. 근무지: 서울교통공사 266개 역5. 근무시간: 택 1(혼잡도 안전도우미) 월~금(주 5일) / 07:00 ~ 12:00(취약시간 안전도우미) 월~금(주 5일) / 16:00 ~ 22:00* 역운영 상황에 따라 쌍방 합의 후 변경 가능(토,일,공휴일 근무 등)6. 신청방법: 현장접수- 현장접수: 2024. 12. 12.(목) ~ 12. 18.(수) 10:00 ~ 17:00(토,일 제외)* 현장접수 위치:마장역 지하 2층 고객안전실 앞 교양실7. 문의처: 서울교통공사 영업계획처☎02-6311-2024채용공고 바로가기",근무시간내용참조,근무지역서울교통공사 266개 역,급여내용참조,등록일2024-12-13,성별무관,업체명서울교통공사,연령18세 이상,지원방법현장접수 02-6311-2024,지원서류지하철안전도우미 신청서류.zip,직종지하철 안전도우미,채용인원150명
구인상태구인마감,"근무내용<한국신문수송(주)>- 단순포장원(신문포장) 1명*신문 포장 업무*주5일 14:00~19:00 (일~목 근무)*월급 125만원*상용직*여, 오래 근무하실 분*근무지 : 서대문구 충정로3가 동아일보 발송장 / 충정로역 8번 출구*지원방법 : 팩스지원 02-392-8080 / 이메일지원 seunmi@naver.com*지원서류 : 이력서*정보출처 : 서울노인복지센터",근무시간주5일,근무지역서대문구 충정로3가,급여월급 125만원,등록일2024-12-13,성별여,업체명한국신문수송(주),연령~63세까지,지원방법팩스지원 02-392-8080,지원서류,직종단순포장원,채용인원1명
구인상태구인마감,"근무내용<(주)신화비엠씨>
- 아파트 외곽 청소원 1명
*빌딩 외곽 청소 업무
*주6일, 평일 08:00~16:00, 토 09:00~13:00
*월급 197만원 
*계약직(3개월)
*남
*근무지 : 동대문구 답십리로 130 (답십리동) 래미안위브 / 답십리역 1번출구 
*지원방법 : 전화 후 방문 010-5320-1546
*지원서류 : 이력서
*정보출처 : 고용24",근무시간주6일,근무지역동대문구 답십리동,급여월급 197만원,등록일2024-12-10,성별남,업체명(주)신화비엠씨,연령무관,지원방법전화 후 방문 010-5320-1546,지원서류,직종아파트 외곽 청소원,채용인원1명
구인상태구인마감,"근무내용<(주)제일개발피스>
- 빌딩 경비원 1명
*빌딩 경비 업무
*격일, 06:30~익일06:30 
*월급 247만원
*계약직(12개월)
*남, 일반경비원신임교육 이수증 필수
*근무지 : 강남구 강남대로98길 11 메트로빌딩 / 강남역 11번출구 
*지원방법 : 전화 후 방문 010-3999-5136
*지원서류 : 이력서
*정보출처 : 고용24",근무시간격일06:30~익일06:30,근무지역강남구 역삼동,급여월급 247만원,등록일2024-12-09,성별남,업체명(주)제일개발피스,연령무관,지원방법전화 후 방문 010-3999-5136,지원서류,직종빌딩 경비원,채용인원1명
구인상태구인마감,"근무내용<송간기업(주)>
- 건물 경비 및 주차관리원 1명
*주5일, 08:00~23:00(휴게 2시간) / 1일 근무 1일 휴무
*월급 211만원
*계약직 (12개월)
*남, 일반경비원신임교육 이수증 필수
*근무지 : 강남구 도곡로 450 (대치동) 덕산빌딩 / 분당선 한티역 3번출구
*지원방법 : 전화 후 방문 02-3442-4436 / 팩스지원 02-3442-4438
*지원서류 : 이력서
*정보출처 : 고용24",근무시간주5일,근무지역강남구 대치동,급여월급 211만원,등록일2024-12-09,성별남,업체명송간기업(주),연령~65세까지,지원방법전화 후 방문 02-3442-4436,지원서류,직종경비주차관리원,채용인원1명
구인상태구인마감,"근무내용<(유)탄천산업>
- 아파트 경비원 1명
*아파트 경비 업무
*격일, 06:00~익일06:00 (휴게시간 주간3.5시간, 야간6시간) 
*월급 232만원
*계약직(12개월)
*남, 일반경비원신임교육 이수증 필수
*근무지 : 동작구 동작대로29길 115 (사당동) 우성아파트 / 총신대입구역 14번출구 
*지원방법 : 전화 후 방문 010-9003-8350
*지원서류 : 이력서
*정보출처 : 고용24",근무시간격일06:00~익일06:00,근무지역동작구 사당동,급여월급 232만원,등록일2024-12-09,성별남,업체명(유)탄천산업,연령무관,지원방법전화 후 방문 010-9003-8350,지원서류,직종아파트 경비원,채용인원1명
구인상태구인마감,"근무내용<주식회사태양삼차원환경>
- 아파트 청소원 1명
*아파트 내부 청소 업무
*주6일, 평일08:30~15:00(휴게 1시간). 토 08:00~12:00 
*월급 174만원
*계약직(3개월, 계약만료 후 상용직전환 검토)
*여
*근무지 : 강남구 압구정로29길 71 (압구정동) 현대아파트 / 압구정역 1번출구
*지원방법 : 전화 후 방문 010-5244-1145 / 팩스지원 031-291-7714
*지원서류 : 이력서
*정보출처 : 고용24",근무시간주6일,근무지역강남구 압구정동,급여월급 174만원,등록일2024-12-09,성별여,업체명(유)원광,연령무관,지원방법전화 후 방문 010-5244-1145,지원서류,직종아파트 청소원,채용인원1명
구인상태구인마감,"근무내용<주식회사태양삼차원환경>
- 아파트 경비원 1명
*경비, 입주민 안전 및 질서유지 업무
*격일, 06:00~익일06:00 
*월급 209만원
*계약직(2개월, 계약만료 후 상용직전환 검토)
*남, 일반경비원신임교육 이수증 필수
*근무지 : 노원구 동일로208길 19 (중계동) 무지개아파트 / 중계역 2번출구
*지원방법 : 팩스지원 031-568-2950 / 이메일지원 3dsun2010@naver.com
*지원서류 : 이력서
*정보출처 : 고용24",근무시간격일06:00~익일06:00,근무지역노원구 중계동,급여월급 209만원,등록일2024-12-09,성별남,업체명주식회사태양삼차원환경,연령무관,지원방법팩스지원 031-568-2950,지원서류,직종아파트 경비원,채용인원1명
구인상태구인마감,"근무내용<(주)삼일공사>-아파트 청소원 1명*아파트 내부청소(신주있음) 업무*주6일, 평일09:00~15:30 토09:00~12:00*월급 1,413,780원(복지카드 소지자 10만원 별도수당지급)*계약직(6개월)*여*근무지 : 성북구 정릉로 305 (정릉동) 길음뉴타운 경남아너스빌 / 길음역 3번출구*지원방법 : 전화 후 방문 010-7149-1208*지원서류 : 이력서*정보출처 : 고용24",근무시간주6일,근무지역성북구 정릉동,"급여월급 1,413,780원",등록일2024-12-09,성별여,업체명(주)삼일공사,연령무관,지원방법전화 후 방문 010-7149-1208,지원서류,직종아파트 청소원,채용인원2명
구인상태구인마감,"근무내용<유원종합관리(주)>
-아파트 전기관리원 1명
*관리비 및 전기요금 관리, 관리 업무 겸직
*주5일 09:00~18:00
*월급 341만원
*계약직(3개월)
*남, 경력 1년이상, 전기기사 필수, OA활용 가능자
*근무지 : 양천구 신정로11길 63(신정동) 푸른마을 3단지아파트
*지원방법 : 전화 후 방문 02-2060-9498 / 이메일지원 pulun3@naver.com
*지원서류 : 이력서, 자기소개서, 자격증 첨부
*정보출처 : 고용24",근무시간주5일,근무지역양천구 신정동,급여월급 341만원,등록일2024-12-09,성별남,업체명유원종합관리(주),연령무관,지원방법이메일지원 pulun3@naver.com,지원서류,직종전기관리원,채용인원1명
구인상태구인마감,"근무내용<줌마지하철택배>지하철 배송원 5명*건강하고 스마트폰 문자 보실 수 있는 분, 지하철을 이용한 소형물건 배송,동대문역 주변 및 인근 지하철 배송 오더를 받아 물건 배송*주5일 09:00~18:00 (토요일 자유근무)*급여 50만원~최대 120만원(본인 7.5 : 회사 2.5)*남,  만 65세 이상*근무지 : 서울 및 동대문역 인근*지원방법 : 전화 후 방문 010-3058-0358*정보출처 : 서울노인복지센터",근무시간주5일,근무지역서울 및 동대문역 인근,급여급여 50만원 이상,등록일2024-12-06,성별남,업체명줌마지하철택배,연령65세 이상,지원방법전화 후 방문 010-3058-0358,지원서류,직종지하철 택배원,채용인원5명
구인상태구인마감,"근무내용<에이치디씨랩스(주)>
- 외곽 청소원 1명
*재활용 수거, 주차장 청소 등 업무
*주5일, 2일 교대제 휴무/오후 2시 00분~오후 10시 00분(휴게: 1.5시간)
*월급 1,820,000원
*계약직(12개월,12월31일까지 직무평가 후 12개월 계약연장)
*남
*근무지 : 광진구 능동로 90, 더클래식500 (자양동) / 2, 7호선 건대입구역
*지원방법 : 문자지원 010-7114-2119 (사진부착 이력서 사진 찍어서 문자발송)
*지원서류 : 이력서
*정보출처 : 고용24",근무시간주5일,근무지역광진구 자양동,급여월급 182만원,등록일2024-12-03,성별남,업체명에이치디씨랩스(주),연령무관,지원방법문자지원 010-7114-2119,지원서류,직종외곽 청소원,채용인원1명
구인상태구인마감,"근무내용<(주)유앤알컴퍼니>
- 주차관리원 1명
*주차/발렛서비스, 병원 내방객 응대 업무
*주6일, 평일 09:00~18:00, 토요일 09:00~13:00
*월급 273만원, 1식 제공
*계약직(12개월)
*남, 운전면허 필수
*근무지 : 강남구 도곡로 214(도곡동) 서울본브릿지병원 
*지원방법 : 전화 후 방문 02-547-2283 / 팩스지원 02-547-2286
*지원서류 : 이력서
*정보출처 : 고용24",근무시간주6일,근무지역강남구 도곡동,급여월급 273만원,등록일2024-12-03,성별남,업체명(주)유앤알컴퍼니,연령무관,지원방법전화 후 방문 02-547-2283,지원서류,직종주차관리원,채용인원1명
구인상태구인마감,"근무내용<(유)탄천산업>
- 아파트경비원 1명
*아파트 경비 업무
*격일, 06:00~익일06:00(휴게 9.5시간)
*월급 232만원
*계약직(12개월)
*남, 일반경비원신임교육 이수자
*근무지 : 강서구 공항대로59길 64(등촌동) 한사랑2차삼성아파트 
*지원방법 : 전화 후 방문 010-9003-8350
*지원서류 : 이력서
*정보출처 : 고용24",근무시간격일06:00~익일06:00,근무지역강서구 등촌동,급여월급 232만원,등록일2024-12-03,성별남,업체명(유)탄천산업,연령무관,지원방법전화 후 방문 010-9003-8350,지원서류,직종아파트 경비원,채용인원1명
구인상태구인마감,"근무내용<(유)원광>
- 아파트경비원 1명
*아파트 경비 업무
*격일, 06:30~익일06:30(휴게 주간 3.5시간/야간 6.5)
*월급 221만원
*상용직
*남, 일반경비원신임교육 이수자
*근무지 : 송파구 올림픽로35길 104(신천동) 장미아파트 / 잠실역 7번 출구
*지원방법 : 문자지원 010-8481-9610 / 팩스지원 0504-462-5648
*지원서류 : 이력서
*정보출처 : 고용24",근무시간격일06:30~익일06:30,근무지역송파구 신청동,급여월급 221만원,등록일2024-12-03,성별남,업체명(유)원광,연령무관,지원방법문자지원 010-8481-9610,지원서류,직종아파트 경비원,채용인원1명
구인상태구인마감,"근무내용<주식회사 대성디엔씨>
- 건물관리원(소장) 1명
*현장의 관리 총괄, 입주자 관리 업무 등
*주5일 09:00~18:00
*월급 340만원
*상용직
*남, 경력 5년이상
*근무지 : 금천구 벚꽃로 146, 엘파크 독산 오피스텔 (독산동) / 독산역 1번 출구
*지원방법 : 팩스지원 031-213-9555 / 이메일지원 daesungdnctax@naver.com
*지원서류 : 이력서
*정보출처 : 고용24",근무시간주5일,근무지역금천구 독산동,급여월급 340만원,등록일2024-12-03,성별남,업체명주식회사 대성디엔씨,연령무관,지원방법팩스지원 031-213-9555,지원서류,직종건물관리원(소장),채용인원1명
구인상태구인마감,"근무내용<한국신문수송(주)>- 단순포장원(신문포장) 1명*신문 포장 업무*주5일 14:00~19:00 (일~목 근무)*월급 125만원*상용직*여, 오래 근무하실 분*근무지 : 서대문구 충정로3가 동아일보 발송장 / 충정로역 8번 출구*지원방법 : 팩스지원 02-392-8080 / 이메일지원 seunmi@naver.com*지원서류 : 이력서*정보출처 : 서울노인복지센터",근무시간주5일,근무지역서대문구 충정로3가,급여월급 125만원,등록일2024-12-02,성별여,업체명한국신문수송(주),연령~63세까지,지원방법팩스지원 02-392-8080,지원서류,직종단순포장원,채용인원1명
구인상태구인마감,"근무내용<우원개발(주)>
- 건설·채굴 단순 종사원 20명 
*지하철 터널 단순보통인부, 신호수 업무
*주5일 07:00~17:00 (휴게 2시간)
*시급 9,860원~13,000원, 식사제공(3식)
*상용직
*남, 경력 3년이상 우대
*근무지 : 성북구 도봉로 11 (길음동) / 미아사거리역 4번출구
*지원방법 : 팩스지원 02-984-0483
*지원서류 : 이력서
*정보출처 : 고용24",근무시간주5일,근무지역성북구 길음동,"급여시급 9,860원~13,000원",등록일2024-11-26,성별남,업체명우원개발(주),연령무관,지원방법팩스지원 02-984-0483,지원서류,직종건설·채굴 단순 종사원,채용인원20명
구인상태구인마감,"근무내용<종로농원>- 지하철 배송원 3명*꽃바구니, 꽃다발 배송 업무(서울, 경기도 전체)*주5일 09:00~16:00 / 주말 근무 선택 가능*1건당 8,000~10,000원*성별 무관, 65세이상, 길찾기 가능하고 건강하신 분*근무지 : 종로구 인사동길 25-1 (인사동) 종로농원 / 종로3가역 5번출구*지원방법 : 전화 후 방문 010-5241-9601*지원서류 : 신분증*정보출처 : 서울노인복지센터",근무시간주5일,근무지역서울시내,"급여건당 8,000~10,000원",등록일2024-11-26,성별무관,업체명종로농원,연령65세 이상~,지원방법전화 후 방문 010-5241-9601,지원서류,직종지하철 배송원,채용인원3명
구인상태구인마감,"근무내용<(주)신현대관리>
- 아파트 외곽청소원 1명
*외곽 및 지하주차장 청소 업무
*주6일, 평일 08:00~15:00 (휴게1시간), 격주 토 08:00~11:30
*월급 1,676,900원
*계약직(12개월)
*남
*근무지 : 용산구 서빙고로 413,(한남동)하이페리온 / 경의중앙선 한남역
*지원방법 : 팩스지원 02-471-0147
*지원서류 : 이력서
*정보출처 : 고용24",근무시간주6일,근무지역용산구 한남동,"급여월급 1,676,900원",등록일2024-11-26,성별남,업체명(주)신현대관리,연령~70세까지,지원방법팩스지원 02-471-0147,지원서류,직종아파트 외곽청소원,채용인원1명
구인상태구인마감,"근무내용<주식회사에스제이서비스>
- 건물 영선원 1명
*오피스텔 영선, 주말 청소지원 업무
*격일, 08:30~익일08:30 (휴게 11시간, 주간2시간, 야간 9시간) 
*월급 290만원
*상용직
*남, 경력 1년이상 우대
*근무지 : 강남구 삼성로85길 42 (대치동) 대우아이빌멤버스 / 선릉역 1번출구
*지원방법 : 이메일지원 xuanwo70@korea.kr / 전화 후 방문 02-2171-1916
*지원서류 : 이력서
*정보출처 : 고용24","근무시간격일, 08:30~익일08:30",근무지역강남구 대치동,급여월급 290만원,등록일2024-11-26,성별남,업체명주식회사에스제이서비스,연령무관,지원방법이메일지원 xuanwo70@korea.kr,지원서류,직종건물 영선원,채용인원1명
구인상태구인마감,"근무내용<아시아미디어타워관리단>
- 주차 관리원 1명
*자동차 승강기 주차 관리 업무
*주당야비(주간07:00~17:00, 당직08:00~20:00, 야간20:00~익일07:00, 비번)
*월급 241만원
*계약직(12개월)
*남
*근무지 : 중구 충무로 29(초동) 아시아미디어타워 지하4층관리사무소  / 을지로3가역 9번출구
*지원방법 : 전화 후 방문 02-2200-4118 / 팩스지원 02-2200-4117
*지원서류 : 이력서
*정보출처 : 고용24",근무시간주당야비,근무지역중구 초동,급여월급 241만원,등록일2024-11-26,성별남,업체명아시아미디어타워관리단,연령무관,지원방법전화 후 방문 02-2200-4118,지원서류,직종주차 관리원,채용인원1명
구인상태구인마감,"근무내용- 빌딩 경비원 1명
*아파트 상가 시설관리 업무
*격일 07:00~익일07:00(휴게 11.5시간)
*월급 224만원
*계약직(12개월)
*남, 일반경비원 신임교육이수증 필수
*근무지 : 마포구 양화로 156 (동교동), LG팰리스빌딩  / 홍대입구역 9번출구
*지원방법 : 전화 후 방문 02-3142-3078 / 팩스지원 02-3142-3707
*지원서류 : 이력서
*정보출처 : 고용24",근무시간격일 07:00~익일07:00,근무지역마포구 동교동,급여월급 224만원,등록일2024-11-26,성별남,업체명LG팰리스빌딩관리단,연령무관,지원방법전화 후 방문 02-3142-3078,지원서류,직종빌딩 경비원,채용인원1명
구인상태구인마감,"근무내용<(주)대원제삼차자산관리>- 고시텔 청소원 1명*고시텔 내 복도, 공용공간 청소, 분리수거 업무- 퇴실청소 1주에 1건 정도, 4평 18객실*주3일, 월수금 15:00~17:00 혹은 16:00~18:00 선택 가능 (2시간)*월급 350,000원*계약직(12개월), 12월 2일부터 출근*성별무관, ~70세까지*근무지 : 강서로 54길 27, 3층 / 발산역 3, 4번출구*지원방법 : 전화 후 방문 010-3223-8560*지원서류 : 이력서*정보출처 : 서울노인복지센터",근무시간주3일,근무지역강서구 등촌동,"급여월급 350,000원",등록일2024-11-26,성별무관,업체명(주)대원제삼차자산관리,연령~70세까지,지원방법전화 후 방문 010-3223-8560,지원서류,직종고시텔 청소원,채용인원1명
구인상태구인마감,"근무내용<주식회사인동>
- 아파트 경비원 2명
*아파트 경비 업무
*격일, 06:00~익일 06:00 (휴게 10시간)
*월급 213만원
*계약직(2개월, 계약기간 만료 후 상용직전환검토)
*남, 경비원신임교육 필수
*근무지 : 노원구 동일로215길 48(상계동) 상계주공3단지아파트 / 노원역 6번 출구
*지원방법 : 팩스지원 02-932-5220 / 이메일지원 indong0229@daum.net
*지원서류 : 이력서, 일반경비원 신임교육 이수증, ""상계주공3단지아파트"" 지원 표기
*정보출처 : 고용24","근무시간격일, 06:00~익일 06:00",근무지역노원구 상계동,급여월급 213만원,등록일2024-11-26,성별남,업체명주식회사인동,연령무관,지원방법팩스지원 02-932-5220,지원서류,직종아파트 경비원,채용인원1명
구인상태구인마감,"근무내용<(주)주신엠에스>
- 빌딩 경비원 1명
*빌딩 경비 및 기계식 주차 관리 업무
*격일, 06:00~익일 06:00
*월급 196만원
*계약직(3개월)
*남, 경비원신임교육 필수, 기계식 주차교육 우대
*근무지 : 도봉구 노해로 397-15(창동) 백상빌딩  / 창동역 1번출구
*지원방법 : 팩스지원 0505-343-0144 / 이메일지원 jushin@jsco.co.kr
*지원서류 : 이력서
*정보출처 : 고용24","근무시간격일, 06:00~익일 06:00",근무지역도봉구 창동,급여월급 196만원,등록일2024-11-26,성별남,업체명(주)주신엠에스,연령무관,지원방법팩스지원 0505-343-0144,지원서류,직종빌딩 경비원,채용인원1명
구인상태구인마감,"근무내용<주식회사 로이안에이치앤에프>
- 스포츠센터 청소원 1명
*주6일, 평일, 07:00 ~ 15:30(6.5시간)  / 토요일 09:00 - 12:00(3시간)
*월급 184만원
*계약직(3개월)
*여, 복지카드소지자 우대
*근무지 : 서초구 나루터로 43 (잠원동) 신사스포츠센타 / 잠원역 4번출구
*지원방법 : 팩스지원 02-2058-1963 / 이메일지원 roiaan_ws@naver.com
*지원서류 : 이력서
*정보출처 : 고용24",근무시간주6일,근무지역서초구 잠원동,급여월급 184만원,등록일2024-11-26,성별여,업체명주식회사 로이안에이치앤에프,연령무관,지원방법팩스지원 02-2058-1963,지원서류,직종스포츠센터 청소원,채용인원1명
구인상태구인마감,"근무내용<(주)아크로비엠에스>
- 시설주차관리원 1명
*시설관리 및 주차관리 업무
*주5일 08:30~17:30
*월급 243만원 이상
*계약직(12개월)
*남, 방화관리자 2급이상, 경력 1년 이상
*근무지 : 강남구 일원로 53 (일원동) 소림빌딩 / 대청역 4번출구
*지원방법 : 팩스지원 031-574-9008
*지원서류 : 이력서
*정보출처 : 고용24",근무시간주5일,근무지역강남구 일원동,급여월급 243만원 이상,등록일2024-11-26,성별남,업체명(주)아크로비엠에스,연령무관,지원방법팩스지원 031-574-9008,지원서류,직종시설주차관리원,채용인원1명
구인상태구인마감,"근무내용<(주)신현대관리>
- 빌딩 경비원 1명
*격일, 07:00~익일 07:00(휴게 주간 2,야간 7 시)
*월급 239만원
*계약직(12개월)
*남, 경비교육 이수증, 운전가능자
*근무지 : 강남구 영동대로75길 9, 수암빌딩 / 삼성역 3번출구
*지원방법 : 전화 후 방문 010-5355-5529 / 팩스지원 02-471-0147 / 이메일지원 shd0140@naver.com
*지원서류 : 이력서
*정보출처 : 고용24","근무시간격일, 07:00~익일 07:00",근무지역강남구 대치동,급여월급 239만원,등록일2024-11-26,성별남,업체명(주)신현대관리,연령무관,지원방법전화 후 방문 010-5355-5529,지원서류,직종빌딩 경비원,채용인원1명
구인상태구인마감,"근무내용<인덕종합관리(주)>
- 아파트 경비원 1명
*격일, 06:00~익일 06:00(휴게시간 주간 5,야간 5)
*월급 2,325,000원
*계약직(6개월)
*남, 경비교육이수 필,경력 6개월 우대
*근무지 : 강서구 공항대로61길 60(염창동) 태영송화아파트 / 9호선 등촌 2번출구
*지원방법 : 팩스지원 02-984-9847
*지원서류 : 이력서 (상단에 ""태영송화아파트 경비원지원"" 기재)
*정보출처 : 고용24","근무시간격일, 06:00~익일 06:00",근무지역강서구 염창동,"급여월급 2,325,000원",등록일2024-11-26,성별남,업체명인덕종합관리(주),연령무관,지원방법팩스지원 02-984-9847,지원서류,직종아파트 경비원,채용인원1명
구인상태구인마감,"근무내용<(주)씨앤에스자산관리>
- 의류매장 청소원 1명
*주3일 10:00~14:00 (월~금,4시간)
*월급 90만원
*계약직 (12개월)
*여
*근무지 : 마포구 어울마당로 132,엠플레이그라운드(서교동) / 2호선 홍대입구역
*지원방법 : 이력서 사진찍어 전송 010-9491-6984
*지원서류 : 이력서
*정보출처 : 고용24",근무시간주3일,근무지역마포구 서교동,급여월급 90만원,등록일2024-11-26,성별여,업체명씨앤에스자산관리,연령무관,지원방법문자지원 010-9491-6984,지원서류,직종매장 청소원,채용인원1명
구인상태구인마감,"근무내용<삼진엠피에스주식회사>
- 오피스텔 경비원 1명
*격일, 08:00~익일 08:00
*월급 2,132,840원
*계약직 (24개월)
*남, 경비신임교육 이수증 소지자 필수 
*근무지 : 송파구 백제고분로7길 41(잠실동) NS파인트리 / 2호선 잠실새내역
*지원방법 : 팩스지원 02-558-8218 / 이메일 지원 indeday23@naver.com
*지원서류 : 이력서
*정보출처 : 고용24",근무시간격일8:00~익일08:00,근무지역송파구 잠실동,"급여월급 2,132,840원",등록일2024-11-26,성별남,업체명삼진엠피에스주식회사,연령무관,지원방법팩스지원 02-558-8218,지원서류,직종오피스텔 경비원,채용인원1명
구인상태구인마감,"근무내용<(주)두원에이앤씨>
- 아파트 청소원 2명
*주상복합 아파트 내부 청소 업무
*주6일, 평일 08:30~16:00 (휴게 1시간) / 격주 토 08:30~11:00
*월급 180만원
*계약직(12개월)
*여, ~70세까지
*근무지 : 동대문구 답십리로 27 (전농동) 롯데캐슬 / 청량리역 5번 출구
*지원방법 : 전화 후 방문 02-865-5025
*지원서류 : 이력서
*정보출처 : 고용24",근무시간주6일,근무지역동대문구 전농동,급여월급 180만원,등록일2024-11-26,성별여,업체명(주)두원에이앤씨,연령~70세까지,지원방법전화 후 방문 02-865-5025,지원서류,직종아파트 청소원,채용인원2명
구인상태구인마감,"근무내용<(주)오케이시스템>
- 빌딩청소원 1명
*주5일, 평일 08:00-16:00 (휴게 3시간) / 격주 토  08:00-12:00
*월급 186만원
*계약직(25개월)
*여, ~70세까지
*근무지 : 종로구 종로 210, 하이뷰더광장 오피스텔 (종로5가), 종로5가역 8번출구
*지원방법 : 전화 후 방문 02-3473-2754 / 팩스지원 02-3473-2755
*지원서류 : 이력서
*정보출처 : 고용24",근무시간주5일,근무지역종로구 종로5가,급여186만원,등록일2024-11-26,성별여,업체명(주)오케이시스템,연령~70세까지,지원방법전화 후 방문 02-3473-2754,지원서류,직종빌딩청소원,채용인원1명
구인상태구인마감,"근무내용<N서울타워>안내원(청소)3명1. 주요업무- 광장, 전망대 등 청소 업무 + 고객 안내, 티켓 확인 작업(검표 업무)- 미화 업무지만 고객 안내를 겸할 예정으로 서비스 마인드 필요2. 근무일 : 주 3~4일 근무(요일 협의 가능), 주말 근무 가능자 우대- 근무시간 : 1일 6시간 근무 / 08:00 ~ 14:00(1명) / 12:00 ~ 18:00(1명) / 16:00 ~ 22:00(1명)3. 시급 9,860원4. 성별무관, 유사 경력 및 경험 우대5. 근무지 : 서울 용산구 남산공원길 105, N서울타워6. 지원방법 : 담당자 문의 02-6220-86367. 지원서류 : 이력서8. 복지혜택 : 점심 식사 제공 (점포별 제공 방식 상이), 유니폼 제공, CJ 푸드빌 內 브랜드 이용시 35% 할인 적용",근무시간주3~4일,근무지역용산구 용산동,"급여시급 9,860원",등록일2024-11-22,성별무관,업체명N서울타워,연령~65세까지,지원방법*상담사 알선 02-6220-8636,지원서류,직종안내원,채용인원3명
구인상태구인마감,"근무내용<2025년 서울강남시니어클럽 노인일자리사업 참여자 모집>서류접수: 2024년 11월 29일(금) ~ 12월 6일(금)참여대상: 60세 이상 서울시 거주 노인일자리사업 참여 희망자참여사업: 공동체사업단, 노인역량활용사업, 취업지원사업, 구비사업신청인 제출서류:1. 신청서2. 개인정보 동의서3. 주민등록표 등본(11월 이후 발급, 주민등록번호 표시)4. 신청 사업단 관련 자격증(국가자격증 및 보건복지부발행 자격증만 가능)5. 국가유공자-취업대상자증명서, 장애 정도 확인서류-장애인증명서, 복지카드(공동체사업단 또는 노인역량활용사업 참여자만 해당)*노인일자리사업 사업설명회- 일정 :2024년 11월 29일(금) 오전 10-12시 / 오후 15-17시- 장소 : 강남구 학동로 43길 17, 7층 대강당- 내용 : 노인일자리 사업 및 모집일정 안내- 문의 : 전화(02-547-8866) 및 홈페이지 (https://www.gncsc.go.kr)참조",근무시간내용참조,근무지역강남구내,급여내용참조,등록일2024-11-21,성별무관,업체명강남시니어클럽,연령60세 이상,지원방법전화 02-547-8866,지원서류,직종노인일자리사업,채용인원내용참조
구인상태구인마감,"근무내용<(주)신현대관리>- 아파트 경비원 2명*격일, 07:00~익일 07:00 (휴게: 주간3, 야간 7시간)*월급 2,174,950원*계약직(12개월)*남, 경비신임교육 이수증 필수*근무지 : 성동구 고산자로14길 40 (행당동) 두산아파트 / 5호선 왕십리*지원방법 : 전화 후 방문 010-7130-8631 / 팩스지원 02-471-0147*지원서류 : 이력서*정보출처 : 고용24",근무시간격일07:00~익일07:00,근무지역성동구 행당동,"급여월급 2,174,950원",등록일2024-11-20,성별남,업체명(주)신현대관리,연령무관,지원방법전화 후 방문 010-7130-8631,지원서류,직종아파트 경비원,채용인원2명
구인상태구인마감,"근무내용<주식회사라포르>- 아파트 외곽청소원 1명*주6일, 평일 08:00~15:00, 토요일 08:00~12:00*월급 176만원*계약직(3개월)*남*근무지 : 서대문구 북아현로1길 17 (북아현동) 이편한세상, 아현역 1번 출구*지원방법 : 전화 후 방문 010-9074-7744*지원서류 : 이력서*정보출처 : 고용24",근무시간주6일,근무지역서대문구 북아현동,급여월급 176만원,등록일2024-11-20,성별남,업체명주식회사라포르,연령무관,지원방법전화 후 방문 010-9074-7744,지원서류,직종아파트 외곽청소원,채용인원1명
구인상태구인마감,"근무내용<주식회사에스에이치피엠>- 시설관리원 1명*명보아트홀 간단한 시설물 유지·보수, 건물 환경관리*격일, 09:00~익일 09:00*월급 265만원(2025년 인상예정, 면접시 협의가능)*계약직(12개월/계약기간 만료 후 상용직 전환검토)*남, 신입 무관, 소방안전관리자 3급 이상 소지자(보조선임 가능자), 공조냉동기계기능사(우대)*근무지 : 중구 마른내로 47, 명보아트홀(초동) / 2호선 을지로3가 8번 출구*지원방법 : 전화지원 010-9328-1210 / 팩스지원 02-2691-5640*지원서류 : 이력서*정보출처 : 고용24",근무시간격일 09:00~익일09:00,근무지역중구 초동,급여월급 265만원,등록일2024-11-19,성별남,업체명주식회사에스에이치피엠,연령~63세,지원방법전화지원 010-9328-1210,지원서류,직종시설관리원,채용인원1명
구인상태구인마감,"근무내용<코코아컴>- 행정 보조원(생산보조) 1명*방역기기 제조업체로 생산관리 및 재고관리 등의 서류 작성- 기 생산 중인 제품의 작업장 내 생산의 개선 및 관리(생산보조)- 주 업무는 행정 보조 업무*주5일 09:00~18:00*시급 9860원(문화활동비 지원)*상용직*남, ~63세까지 컴퓨터 활용 가능자*근무지 : 금천구 벚꽃로234(가산동) 에이스하이엔드타워 6차 1704호 코코아컴*지원방법 : 상담사 알선 02-6220-8640*지원서류 : 이력서",근무시간주5일,근무지역금천구 가산동,급여월206만원,등록일2024-11-19,성별남,업체명코코아컴,연령~63세,지원방법*상담사 알선 02-6220-8640,지원서류,직종행정보조원(생산보조),채용인원1명
구인상태구인마감,"근무내용<(주)미래에이비엠>- 오피스텔 경비원 1명*격일, 06:00~익일 06:00 (휴게시간 총 11.5시간/주간 4.5시간, 야간 7시간)*월급 2,164,910원*계약직(12개월)*남, 경비이수증 무관*근무지 : 강서구 공항대로45길 101 (등촌동) / 9호선 가양 6번 출구*지원방법 : 전화 후 방문 02-2668-6969 / 팩스지원 02-2668-6970*지원서류 : 이력서*정보출처 : 고용24",근무시간격일06:00~익일06:00,근무지역강서구 등촌동,"급여월급 2,164,910원",등록일2024-11-19,성별남,업체명(주)미래에이비엠,연령무관,지원방법전화후 방문 02-2668-6969,지원서류,직종오피스텔 경비원,채용인원1명
구인상태구인마감,"근무내용<(주)두원에이앤씨>- 아파트 청소원 1명*아파트 내부 청소 업무*주6일 08:30~15:00 / 토 09:00~12:00*월급 154만원*계약직(12개월)*여, 복지카드 소지자 우대*근무지 : 서대문구 통일로 510(홍은동) 북한산더샵, 홍제역 1번 출구*지원방법 : 전화 후 방문 010-8673-6965*지원서류 : 이력서*정보출처 : 고용24",근무시간주6일,근무지역서대문구 홍은동,급여월급 154만원,등록일2024-11-19,성별여,업체명(주)두원에이앤씨,연령무관,지원방법전화 후 방문 010-8673-6965,지원서류,직종아파트 청소원,채용인원1명
구인상태구인마감,"근무내용<주식회사태은환경>- 외곽 청소원 2명*주6일,평일 09:00-15:00 (휴게1시간),토 09:00-12:00*월급 1,463,930원*계약직(2개월,계약기간 만료 후 상용직전환검토)*남*근무지 : 강북구 도봉로53가길 11, 북서울자이폴라리스아파트 (미아동) / 우이신설 삼양 1번출구*지원방법 : 전화후 방문 02-3494-2740, 팩스지원 031-852-2741*지원서류 : 이력서*정보출처 : 고용24",근무시간주6일,근무지역강북구 미아동,"급여월급 1,463,930원",등록일2024-11-19,성별남,업체명주식회사태은환경,연령무관,지원방법전화후 방문 02-3494-2740,지원서류,직종외곽 청소원,채용인원2명
구인상태구인마감,"근무내용<(주)선민기업>- 운전학원 셔틀운전원 4명*주5일, 8:00~17:00시*월급 2,060,740원*계약직(3개월/계약기간 만료 후 상용직 전환검토)*남, 자동차운전면허1종보통(필수) / 이력서에 사진 필수*근무지 : 구로구 신도림로19길 68, 신도림자동차운전학원(신도림동) / 2호선 도림천 1번출구*지원방법 : 전화후 방문 02-2672-8500, 팩스지원 02-2672-8504*지원서류 : 이력서, 운전면허증 사본(주민번호 뒷자리 가리고 제출), 운전경력증명서(경찰서민원실,인터넷발급)*정보출처 : 고용24",근무시간주5일,근무지역구로구 신도림동,"급여월급 2,060,740원",등록일2024-11-19,성별남,업체명(주)선민기업,연령무관,지원방법전화후 방문 02-2672-8500,지원서류,직종운전원,채용인원4명
구인상태구인마감,"근무내용<가가호호정가네데이케어센터>- 주방보조원 1명*영양죽, 사이드반찬만들기, 설거지 업무*주6일, 07:00~9:00*월급 800,000원*상용직*여*근무지 : 은평구 증산로 419 (신사동, CJ빌딩) / 6호선 새절역 4번출구*지원방법 : 전화후 방문 02-302-8701, 팩스지원 02-302-8702*지원서류 : 이력서*정보출처 : 고용24",근무시간주6일,근무지역은평구 신사동,"급여월급 800,000원",등록일2024-11-19,성별여,업체명가가호호정가네데이케어센터,연령무관,지원방법전화후 방문 02-302-8701,지원서류,직종주방보조원,채용인원1명
구인상태구인마감,"근무내용<호삼빌딩> 
-주차관리원 1명 
*지하2층, 지상7층 건물 경비 및 주차관리 업무 
*주6일 2교대 08:00~14:30 / 14:30~21:00 / 토, 일 교대근무 08:00~20:00
*월급 193만원 
*상용직 
*남, 운전면허2종보통
*근무지 : 관악구 관악로24길 14, 호삼빌딩 (봉천동), 서울대입구역 7번 출구
*지원방법 : 팩스지원 02-886-4415 / 이메일지원 8772202@daum.net
*지원서류 : 이력서
*정보출처 : 고용24",근무시간주6일,근무지역관악구 봉천동,급여월급 193만원,등록일2024-11-18,성별남,업체명호삼빌딩,연령무관,지원방법팩스지원 02-886-4415,지원서류,직종주차관리원,채용인원1명
구인상태구인마감,근무내용공지사항 바로가기https://eunjin.sen.es.kr/164007/subMenu.do#filebtn_down2,근무시간공고문 참고,근무지역은평구 진관동,"급여월급 2,208,270",등록일2024-11-13,성별무관,업체명서울은진초등학교,연령만55세 ~ 만70세,지원방법이메일 지원 sidedoors@sen.go,지원서류2025년 서울은진초등학교 학교보안관 채용 제출 서식.hwp,직종학교보안관,채용인원2명
구인상태구인마감,"근무내용<(주)두원에이앤씨>
- 아파트 외곽 청소원 1명
*주6일 평일 09:00~16:00 / 격주 토 09:00-12;00 / 휴게 1시간
*월급 1,657,180원
*계약직(10개월)
*남, 복지카드소지자우대
*근무지 : 강동구 아리수로93다길 80, 강일힐스테이트리슈빌 (강일동)
*지원방법 : 전화후 방문 010-6329-9422,팩스지원 02-861-5026
*지원서류 : 이력서
*정보출처 : 고용24",근무시간주6일,근무지역강동구 강일동,"급여월급 1,657,180원",등록일2024-11-13,성별남,업체명(주)두원에이앤씨,연령무관,지원방법전화후 방문 010-6329-9422,지원서류,직종아파트 외곽 청소원,채용인원1명
구인상태구인마감,"근무내용<주식회사이데아그룹>
-아파트 외곽청소원 1명
*아파트 외곽 청소 업무
*주6일 평일 09:00~16:00 (휴게 1시간) / 격주 토 09:00~12:00 
*월급 168만원
*계약직(3개월)
*남
*근무지 : 서대문구 수색로 100 (북가좌동) DMC 래미안, 디지털미디어시티역
*지원방법 : 전화 후 방문 010-7200-5275
*지원서류 : 이력서
*정보출처 : 고용24",근무시간주6일,근무지역서대문구 북가좌동,급여월급 168만원,등록일2024-11-13,성별남,업체명주식회사이데아그룹,연령무관,지원방법전화 후 방문 010-7200-5275,지원서류,직종아파트 외곽청소원,채용인원1명
구인상태구인마감,"근무내용<(주)에이원티엠에스>
-건물 청소원 2명
*여자화장실 담당 1명 / 건물 청소 담당 1명
*주5일 07:00~15:00 (휴게 1시간)
*월급 182만원, 주말/공휴일 당직 근무 시 수당 발생
*상용직
*여
*근무지 : 종로구 종로 19 (종로1가) 르메이에르종로타운1, 종각역, 광화문역
*지원방법 : 팩스지원 02-723-7779 / 이메일지원 a1tms@naver.com
*지원서류 : 이력서
*정보출처 : 고용24",근무시간주5일,근무지역종로구 청진동,급여월급 182만원,등록일2024-11-13,성별여,업체명(주)에이원티엠에스,연령무관,지원방법팩스지원 02-723-7779,지원서류,직종건물 청소원,채용인원2명
구인상태구인마감,"근무내용<이화어린이집>
-어린이집 청소 업무 1명
*주5일,오후 2시~ 6시
*월급 1,035,300원
*상용직
*여
*근무지 : 양천구 신월로 226, 어린이집 (신월동)
*지원방법 : 전화 후 방문 02-2607-9549
*지원서류 : 이력서",근무시간주5일14:00~16:00,근무지역양천구 신월동,급여월103만원,등록일2024-11-12,성별여,업체명이화어린이집,연령무관,지원방법*전화 후 방문 02-2607-9549,지원서류,직종어린이집 청소원,채용인원1명
구인상태구인마감,"근무내용<주식회사세이프원>
-아파트 외곽청소원 1명
*지하주차장 포함 청소, 분리수거 업무
*주5일 09:00~15:30 (휴게 1시간)
*월급 144만원 
*계약직(3개월)
*남
*근무지 : 영등포구 양평로24길 9, 양평한신휴플러스 아파트 (양평동5가), 선유도역
*지원방법: 전화 후 방문 010-4756-0261
*지원서류 : 이력서",근무시간주5일09:00~15:00,근무지역영등포구 양평동,급여월144만원,등록일2024-11-12,성별남,업체명주식회사세이프원,연령무관,지원방법*전화 후 방문 010-4756-0261,지원서류,직종아파트 외곽청소원,채용인원1명
구인상태구인마감,"근무내용<인덕종합관리(주)>
- 병실 보조원 1명
*병원내 환자 이송업무 외
*주5일 09:00~18:00
*월급 : 2,061,000원, 식사제공
*상용직
*남, ~60세까지
*근무지 : 도봉구 도봉로 628, 바로선병원 (창동) / 1호선 방학 3번출구
*지원방법 : 팩스지원 02-984-9847, 상단에 ""바로선병원 병실보조원 지원"" 기재
*지원서류 : 이력서
*정보출처 : 고용24",근무시간주5일,근무지역도봉구 창동,"급여월급 2,061,000원",등록일2024-11-11,성별남,업체명인덕종합관리,연령~60세까지,지원방법팩스지원 02-984-9847,지원서류,직종병실 보조원,채용인원1명
구인상태구인마감,"근무내용<주식회사 삼호안전종합관리>
- 주차관리원 1명 
*오피스텔 기계 주차관리, 분리수거 업무 보조
*격일 07:00~07:00 (휴게 주간 4.25, 야간 7시간)
*월급 207만원
*계약직(6개월)
*남, 운전 무관, 12월 1일부터 근무
*근무지 : 영등포구 영등포로 353 (신길동), 신길역 1번 출구
*지원방법 : 전화 후 방문 02-845-7840
*지원서류 : 이력서
*정보출처 : 고용24",근무시간격일 07:00~07:00,근무지역영등포구 신길동,급여월급 207만원,등록일2024-11-11,성별남,업체명주식회사 삼호안전종합관리,연령무관,지원방법전화 후 방문 02-845-7840,지원서류,직종주차관리원,채용인원1명
구인상태구인마감,"근무내용<신라무역>
- 건물관리원 1명 
*주차관리, 내,외부 부분보수, 청결 유지 업무
*주6일 평일 07:00 ~16:00, 토요일, 공휴일 08:00~16:00 (2인 교대근무)
*월급 230만원, 중식제공
*계약직(12개월)
*남, 운전 능숙자, 인근 거주자
*근무지 : 송파구 양재대로71길 20, 신라빌딩 (방이동), 방이역 4번 출구
*지원방법 : 팩스지원 02-463-5438
*지원서류 : 이력서, 자기소개서
*정보출처 : 고용24",근무시간주6일,근무지역송파구 방이동,급여월급 230만원,등록일2024-11-11,성별남,업체명신라무역,연령무관,지원방법팩스지원 02-463-5438,지원서류,직종건물관리원,채용인원1명
구인상태구인마감,"근무내용<주식회사인동>
-아파트 경비원 1명
*격일 06:00~익일 06:00 (휴게 주간 4.25시간, 야간 7시간)
*월급 1,986,950원 
*계약직(10개월,연장가능)
*남, 경비신임교육이수자
*근무지 : 노원구 한글비석로54길 92, 상계동 (상계동, 상계주공13단지아파트)/7호선 마들역
*지원방법 : 전화 후 방문 010-5315-7827, 팩스지원 02-932-5220
*지원서류 : 이력서
*정보출처 : 고용24",근무시간격일 06:00~익일 06:00,근무지역노원구 상계동,"급여월급 1,986,950원",등록일2024-11-11,성별남,업체명주식회사 인동,연령무관,지원방법전화 후 방문 010-5315-7827,지원서류,직종아파트 경비원,채용인원1명
구인상태구인마감,"근무내용<주식회사다원>
- 오피스텔 경비원 1명
*경비업무, 주차관리, 주변청소
*격일 06:00~익일06:00 (휴게 14시간) / 야간 취침가능
*월급 170만원
*계약직(12개월)
*남, 1년이상 우대, 일반경비원 신임교육 이수자
*근무지 : 구로구 오리로 1149, 랑데르오피스텔 (천왕동)
*지원방법 : 전화 후 방문 010-5241-4548
*지원서류 : 이력서
*정보출처 : 고용24",근무시간격일 06:00~익일06:00,근무지역구로구 천왕동,급여월급 170만원,등록일2024-11-11,성별남,업체명주식회사 다원,연령무관,지원방법전화 후 방문 010-5241-4548,지원서류,직종오피스텔 경비원,채용인원1명
구인상태구인마감,"근무내용<에스에스엠엠 주식회사>
- 세차원 1명 
*워터리스 세차 업무 (차량 내, 외부)
*주5일 09:00~18:00
*월급 240만원
*계약직(3개월)
*남, 운전면허 필수
*근무지: 동작구 상도로 369, 숭실대학교 벤처관 201호, 숭실대역 입구 3번 출구
*지원방법 : 이메일지원 baejm@nosa.or.kr / 문의 02-3488-1923
*지원서류 : 이력서,자기소개서
*정보출처 : 고용24",근무시간주5일,근무지역동작구 상도동,급여월급 240만원,등록일2024-11-11,성별남,업체명에스에스엠엠 주식회사,연령무관,지원방법이메일지원 baejm@nosa.or.kr,지원서류,직종세차원,채용인원1명
구인상태구인마감,"근무내용<비씨엔서비스(주)>
경비원 1명
*경비교육 우대, 경력자 우대
*월220만원
*격일교대 / 평일: 14:00~익일07:30(격일근무), 토,일,공휴일: 07:00~익일 07:00(24시간 격일)
*상용직
*남
*근무지 서울특별시 강남구 영동대로 312 (대치동) / 삼성역 인근
*지원방법: 이력서 팩스지원 02-3295-4898
*지원서류: 이력서*정보출처 : 고용24",근무시간격일교대,근무지역강남구 대치동,급여월220만원,등록일2024-11-11,성별남,업체명비씨엔서비스(주),연령무관,지원방법*이력서 팩스지원 02-3295-4898,지원서류,직종경비원,채용인원1명
구인상태구인마감,"근무내용<지에스25마포사랑점>
[시니어인턴십] 편의점 판매원(야간) 1명*해당 일자리는 시니어인턴십에 참여하는 일자리입니다.*편의점 제품판매 및 매장관리 업무, 야간 근무
*시급 9860원
*수, 금 22:00~08:30(수), 22:00~09:30(금)
*계약직(9개월)
*성별무관, 6070세까지 경력무관, 즉시출근 가능자
*근무지 마포구 마포대로4라길 32 GS25마포사랑점
*지원방법 : 전화 후 방문 010-4303-0868
*지원서류 : 이력서*정보출처 : 고용24","근무시간주2일(수, 금) 시간",근무지역마포구 마포동,"급여시급9,860원",등록일2024-11-11,성별무관,업체명지에스25마포사랑점,연령60세 이상,지원방법전화 후 방문 010-4303-0868,지원서류,직종[시니어인턴십] 편의점 판매원(야간),채용인원1명
구인상태구인마감,"근무내용<부림산업개발>
빌딩 경비원 1명
*상가 건물 경비 및 주차관리 협조
*운전필수(1, 2종 무관), 경비교육 필수
*격일 07:00~익일 07:00(휴게시간 총 12시간 / 주간 4시간, 야간 8시간)
*월급 230만원
*계약직(12개월)
*근무지 서울특별시 중구 세종대로 11길 42 (시청역 인근)
*지원방법 : 이력서 메일 jkj002@daum.net / 팩스 지원 02-3442-6181 /  문의 02-3442-6104
*지원서류 : 이력서*정보출처 : 고용24",근무시간격일 07:00~익일 07:00,근무지역중구 서소문동,급여월급 230만원,등록일2024-11-05,성별남,업체명부림산업개발,연령~70세,지원방법이력서 메일 jkj002@daum.net,지원서류,직종빌딩 경비원,채용인원1명
구인상태구인마감,"근무내용<(주) 베스트시큐리티>
도서관 청소원 1명
-도서관 청소 업무
*주5일 07:00~10:00 (화요일/일요일 휴무)
*월급 84만원
*계약직(4개월)
*여
*근무지 : 서울특별시 광진구 강변역로 17 (구의동)
*지원방법 : 전화 후 방문 010-4707-4488 / 팩스지원 02-464-7115
*지원서류 : 이력서*정보출처 : 고용24",근무시간주5일,근무지역광진구 구의동,급여월급 84만원,등록일2024-11-05,성별여,업체명(주) 베스트시큐리티,연령무관,지원방법전화 후 방문 010-4707-4488,지원서류,직종도서관 청소원,채용인원1명
구인상태구인마감,"근무내용<삼우서비스주식회사>
아파트 청소원 1명 
-아파트 청소 업무
*주6일 08:00~16:00(휴게시간 1.5시간) / 격주 토요일  08:00~12:00
*월급 1,764,940원
*계약직(3개월)  계약기간 만료 후 상용직전환검토
*여
*근무지 : 서울특별시 강남구 선릉로 8 (개포동, 래미안블레스티지)
*지원방법 : 전화 후 방문 010-8349-8909
*지원서류 : 이력서*정보출처 : 고용24",근무시간주6일,근무지역강남구 개포동,급여월급 176만원,등록일2024-11-05,성별여,업체명삼우서비스주식회사,연령무관,지원방법전화 후 방문 010-8349-8909,지원서류,직종아파트 청소원,채용인원1명
구인상태구인마감,"근무내용<대영관리주식회사>
건물관리원 1명
- 건물 시설 관리 업무
*주6일 07:00~19:00
*월급 220만원
*계약직(12개월)
*남, 경력 1년 이상 우대
*근무지 : 마포구 삼개로 16, 근신빌딩 (도화동)
*지원방법 : 팩스지원 031-388-8304  '마포 근신빌딩 지원' 표기
*지원서류 : 이력서*정보출처 : 고용24",근무시간주6일,근무지역마포구 도화동,급여월급 220만원,등록일2024-11-05,성별남,업체명대영관리주식회사,연령무관,지원방법팩스지원 031-388-8304,지원서류,직종건물관리원,채용인원1명
구인상태구인마감,"근무내용<(주)삼구아이앤씨>
주차안내원 1명
- 스타벅스 차량 안내 업무
*주5일 12:00~16:30 (휴게 30분 포함)
*월급 103만원 (장애인 채용 경증 +30만 중증 + 40만 추가지급)
*상용직
*남, 운전필수
*근무지 : 광진구 광나루로 519, 스타벅스 구의DT (구의동)
*지원방법 : 이메일지원 soobeen.jang@samkoo.com
*지원서류 : 이력서*정보출처 : 고용24",근무시간주5일,근무지역광진구 구의동,급여월급 103만원,등록일2024-11-05,성별남,업체명(주)삼구아이앤씨,연령무관,지원방법이메일지원 soobeen.jang@samkoo,지원서류,직종주차안내원,채용인원1명
구인상태구인마감,"근무내용<태림주택종합관리(주)>
오피스텔경비원 1명
-오피스텔 경비 업무
* 주6일 평일 08:00~18:00 (휴게 2.5시간) 
            토요일 또는 일요일 08:00~18:00 (휴게 3.5시간) 
*월급 201만원
* 계약직(3개월)
* 남, 일반경비원 신임교육이수증 필수
* 근무지: 영등포구 양평동2가 선유서로 67, 신동아하이팰리스 (양평동), 양평역 2번 출구
* 지원방법: 전화 후 방문 02-2632-5007 / 팩스지원 02-6291-5007
* 지원서류 : 이력서",근무시간주6일,근무지역영등포구 양평동,급여월급 201만원,등록일2024-11-04,성별남,업체명태림주택종합관리(주),연령무관,지원방법전화 후 방문 02-2632-5007,지원서류,직종건물경비원,채용인원1명
구인상태구인마감,"근무내용<영신빌딩>
건물관리원 1명
-상가 시설유지, 안전관리, 보수 및 세입자 안내, 공과금 및 비용정리 업무
* 주6일 13:00~22:00 (휴게 1시간) / 격주 토 근무
* 급여 : 시급 9,860원
* 계약직(6개월)
* 근무지: 종로구 돈화문로 29, 영신빌딩 (묘동), 종로3가역 2-1, 2번 출구
* 지원방법: 전화 후 방문 010-2332-3321 / 이메일지원 sson47@naver.com
* 지원서류 : 이력서",근무시간주6일,근무지역종로구 묘동,"급여시급 9,860원",등록일2024-11-04,성별남,업체명영신빌딩,연령무관,지원방법전화 후 방문 010-2332-3321,지원서류,직종건물관리원,채용인원1명
구인상태구인마감,"근무내용<엘림에스(주)>
아파트 내부 청소원 1명
*장애인등록증 또는 장애인복지카드 소지자 우대
*월149만원
*평일08:30~15:00(휴게 1시간), 격주토 08:30~12:00
*계약직(3개월)
*여
*근무지 서울특별시 종로구 종로 183, 단지 내부 (인의동)*지원방법: 이력서 팩스접수 070-4170-4501 / 이메일지원recruit@elims.co.kr*지원서류: 이력서","근무시간08:30~15:00,격주토08:30~12시",근무지역종로구 인의동,급여월149만원,등록일2024-11-04,성별여,업체명엘림에스(주),연령무관,지원방법*이력서 팩스지원 및 메일지원,지원서류,직종아파트 청소원,채용인원1명
구인상태구인마감,"근무내용<새롬에스앤씨주식회사>
상가 청소원 1명
*월154만원
*평일 09:00~16:00(휴게1시간), 토 09:00~12:00
*계약직(12개월)
*근무지 서울특별시 중랑구 용마산로 670 (망우동) 신내역 프라디움 더 테라스 상가
*지원방법: 미화반장과 전화통화 후 방문 010-2794-2475 
*지원서류: 이력서","근무시간평일09:00~16:00, 토09~12시",근무지역중랑구 망우동,급여월154만원,등록일2024-11-04,성별무관,업체명새롬에스앤씨주식회사,연령무관,지원방법*전화통화 후 방문 010-2794-2475,지원서류,직종상가 청소원,채용인원1명
구인상태구인마감,"근무내용<(주)고암>
빌딩 관리인(소방선임 및 기타업무) 1명*전반적인 시설관리 업무, 공용부문 청소 업무 포함*소방안전관리자 2급 필수 소지자, 인근 거주자 우대*월270만원(세전, 연차포함)
*주5일 09:00~18:00(휴게 1시간)
*계약직(12개월)
*근무지 서울특별시 마포구 와우산로29가길 37 서교빌딩 (홍대입구역 인근)
*기타-근무복 지급, 명절선물 지급*지원방법: 이력서이메일 지원 shin9012@goam.co.kr
*지원서류: 이력서",근무시간주5일09:00~18:00,근무지역마포구 서교동,급여월270만원,등록일2024-10-31,성별남,업체명(주)고암,연령무관,지원방법메일지원 shin9012@goam.co.kr,지원서류,직종빌딩 경비원,채용인원1명
구인상태구인마감,"근무내용<(사)장애인의 길벗>장애인 생활지도원(근로지원인) 1명- 초등학교에서 근무하는 장애인근로자의 근로지원 (환경미화)- 사회복지사, 활동지원사 경력 1년 이상* 주5일 12:30~17:00* 시급 9,860원* 상용직* 근무지: 용산구 이촌로 255, 신용산초등학교 (이촌동)* 지원방법 : 이메일지원 job@jgwoman.or.kr* 지원서류 : 자사이력서",근무시간주5일,근무지역용산구 이촌동,"급여시급 9,860원",등록일2024-10-31,성별무관,업체명(사)장애인의 길벗,연령무관,지원방법이메일지원 job@jgwoman.or.kr,지원서류장애인의 길벗_자사양식_이력서 자기소개서.hwp,직종장애인 생활지도원,채용인원1명
구인상태구인마감,"근무내용<선우환경관리 주식회사>아파트청소원 1명- 아파트 내부 청소 업무*주6일 평일 9:00~16:00 (휴게 1시간) / 토 09:00~12:00*월급 167만원*계약직(10개월)*여, 즉시 출근 가능하신 분*근무지 : 서울시 성동구 금호로 140 이편한세상금호파크힐스아파트, 신금호역 4번 출구*지원방법 : 전화 후 방문 010-2073-4500*지원서류 : 이력서",근무시간주6일,근무지역성동구 금호동,급여월급 167만원,등록일2024-10-31,성별여,업체명선우환경관리 주식회사,연령무관,지원방법전화 후 방문 010-2073-4500,지원서류,직종아파트 청소원,채용인원1명
구인상태구인마감,"근무내용<(주)에버크린>
건물청소원 1명
- 건물 청소 업무
*주5일 08:00~14:30
*월급 142만원
*계약직(12개월)
*여
*근무지 : 서울시 성동구 성수일로10길 32 창미빌딩 (성수동2가), 성수역 1번 출구
*지원방법 : 전화 후 방문 010-8593-2584 / 팩스지원 02-469-4929
*지원서류 : 이력서",근무시간주5일,근무지역성동구 성수동,급여월급 142만원,등록일2024-10-31,성별여,업체명(주)에버크린,연령~70세,지원방법전화 후 방문 010-8593-2584,지원서류,직종건물청소원,채용인원1명
구인상태구인마감,"근무내용<기영빌딩>
빌딩청소원 1명
- 복도, 계단, 화장실청소, 출입구 등 공용부분 청소 업무- 5층 작은 건물
*주5일 07:00-11:30
*월급 110만원
*계약직(12개월)
*여
*근무지 : 서울시 중구 충무로5길 11, 708 (초동), 을지로3가역 9번 출구
*지원방법 : 전화 후 방문 010-9603-7623
*지원서류 : 이력서",근무시간주5일,근무지역중구 초동,급여월급 110만원,등록일2024-10-30,성별여,업체명기영빌딩,연령무관,지원방법전화 후 방문 010-9603-7623,지원서류,직종빌딩청소원,채용인원1명
구인상태구인마감,"근무내용<주식회사에코그린티엠>
아파트 청소원 1명
- 아파트 청소 업무, 신주 청소 없음 
*주6일 평일  09:00~15:2 0(휴게 11:50~13:10) / 격주 토요일 09:00~12:00
*월급 1,350,820원 (복지카드소지자 5만원 추가지급)
*상용직
*여, 장애인 병행채용
*근무지 : 서울시 성동구 독서당로40길 25(옥수동) 옥수현대아파트, 옥수역 1번 출구
*지원방법 : 전화 후 방문 010-9253-2084
*지원서류 : 이력서",근무시간주6일,근무지역성동구 옥수동,"급여월급 1,350,820원",등록일2024-10-30,성별여,업체명주식회사에코그린티엠,연령무관,지원방법전화 후 방문 010-9253-2084,지원서류,직종아파트 청소원,채용인원1명
구인상태구인마감,"근무내용<아란유치원>
*건물 외곽청소원 1명
*유치원 실외 놀이터 정리, 원내 텃밭 및 정원 관리 업무
*주5일 08:00~11:00
*시급 12,000원
*남, ~65세까지
*근무지 : 서울 양천구 목동서로 100, 목동3단지내 아란유치원 (목동)
*지원방법 : 전화후 방문 02-2646-5674 /  팩스지원 02-2646-5630
*지원서류 : 이력서",근무시간주5일,근무지역양천구 목동,"급여시급 12,000원",등록일2024-10-30,성별남,업체명아란유치원,연령~65세까지,지원방법전화후 방문 02-2646-5674,지원서류,직종건물 외곽청소원(유치원),채용인원1명
구인상태구인마감,"근무내용<신한영관리(주)>
아파트청소원 1명
- 아파트 청소 업무 
*주6일 평일 08:00~15:00 (휴게 1시간) / 토 08:00~11:00
*월급 187만원, 복지카드 소지자 수당 지급
*계약직(2개월)
*여, 미화반장, 즉시 출근 가능자
*근무지 : 서울 서초구 잠원로14길 42, 신반포르엘아파트 (잠원동), 잠원역 4번 출구
*지원방법 : 팩스지원 032-433-8826 / 이메일지원 shytm21c@naver.com
*지원서류 : 이력서",근무시간주6일,근무지역서초구 잠원동,급여월급 187만원,등록일2024-10-30,성별여,업체명신한영관리(주),연령무관,지원방법팩스지원 032-433-8826,지원서류,직종아파트청소원,채용인원1명
구인상태구인마감,"근무내용<대승종합관리(주)>
상가청소원 1명
- 상가 청소 업무 
*주6일 평일 08:30~15:30(휴게 1시간) / 토요일 08:30~11:30
*월급 171만원
*계약직(6개월)
*여, 경력 1년이상 우대
*근무지 : 서울시 강서구 강서로 242 강서힐스테이트상가
*지원방법 : 전화 후 방문 02-2601-8750
*지원서류 : 이력서",근무시간주6일,근무지역강서구 화곡동,급여월급 171만원,등록일2024-10-30,성별여,업체명대승종합관리(주),연령~70세,지원방법전화 후 방문 02-2601-8750,지원서류,직종상가청소원,채용인원1명
구인상태구인마감,"근무내용<주식회사케이두레>
학교경비원 1명
- 미화, 주차, 경비 업무 
*격일 16:30~08:30 (휴게 2시간) / 주말 및 공휴일 08:30~익일08:30
*월급 159만원
*계약직(4개월)
*남, 경비교육이수증 필수, 복지카드 소지자 우대 
*근무지 : 서울시 강서구 허준로 36, 성재중학교 (가양동)
*지원방법 : 팩스지원 02-3661-0311 / 이메일지원 js999914@naver.com
*지원서류 : 이력서
*면접일 : 11월 5일, 화요일",근무시간격일,근무지역강서구 가양동,급여월급 159만원,등록일2024-10-30,성별남,업체명주식회사케이두레,연령무관,지원방법팩스지원 02-3661-0311,지원서류,직종학교 경비원,채용인원1명
구인상태구인마감,"근무내용<(주)제이에스에프>건물관리원(휴직대체) 1명- 미화, 주차, 경비 업무*주5일 08:00~19;00 / 휴게시간 : 11:30~13:30*시급 9,860원*계약직(1개월)*남, 운전면허 우대*근무지 : 서울시 종로구 자하문로10길 30 (통의동)*지원방법 : 전화 후 방문 010-8216-9703*지원서류 : 이력서",근무시간주5일,근무지역종로구 통의동,"급여시급 9,860원",등록일2024-10-30,성별남,업체명(주)제이에스에프,연령무관,지원방법전화 후 방문 010-8216-9703,지원서류,직종건물관리원,채용인원1명
구인상태구인마감,"근무내용<새롬에스앤씨 주식회사>오피스텔 상가 외곽 청소원 1명- 오피스텔 내 청소 업무*주6일 평일 09:00~16:00 (휴게 1.5시간) / 토 09:00~12:00*월급 164만원*계약직(12개월)*남*근무지 : 서울 중랑구 용마산로 670 (망우동) 프라디움 더 테라스, 신내역 1번 출구*지원방법 : 전화 후 방문 010-2794-2475*지원서류 : 이력서",근무시간주6일,근무지역중랑구 망우동,급여월급 164만원,등록일2024-10-29,성별남,업체명새롬에스앤씨 주식회사,연령무관,지원방법전화 후 방문 010-2794-2475,지원서류,직종오피스텔 외곽청소원,채용인원1명
구인상태구인마감,"근무내용<주식회사 크라운티엠에스>오피스텔 청소원 1명- 오피스텔 내 청소 업무*주6일 평일 08:00~15:00 (휴게 1시간) / 토 08:00~11:00*월급 156만원*상용직*여*근무지 : 서울 마포구 독막로 100, 세방글로벌시티 관리사무소, 상수역 3번 출구*지원방법 : 팩스지원 0504-255-1854 / 이메일지원 jangraiho74@hanmail.net*지원서류 : 이력서",근무시간주6일,근무지역마포구 상수동,급여월급 156만원,등록일2024-10-29,성별여,업체명주식회사 크라운티엠에스,연령무관,지원방법팩스지원 0504-255-1854,지원서류,직종오피스텔 청소원,채용인원1명
구인상태구인마감,"근무내용<(주)동하기업>
대형폐기물 수거원 1명
*신대방역 인근 보라매집하장 대형폐기물 수거 업무*경력자 우대, 장기근무 가능하신 분 우대, 운전면허 1종보통 소지자 우대*월350만원(식대 20만원)
*주6일 07:00~16:00
*상용직
*근무지 서울특별시 동작구 보라매로 5길 58 (신대방역 인근)*전화지원 후 면접 진행(전화 부재 시 문자 남겨주시면 연락드린다고 하십니다.) 010-4073-3087",근무시간주6일07:00~16:00(휴게 1시간),근무지역동작구 신대방동,급여월350만원(식대20만원),등록일2024-10-29,성별-,업체명(주)동하기업,연령무관,지원방법전화지원 010-4073-3087,지원서류,직종대형폐기물 수거원,채용인원1명
구인상태구인마감,"근무내용<주식회사 지엔비>아파트 외곽청소원 1명- 아파트 관내외 청소 업무*주6일 평일 08:00~15:00 (휴게 1시간) / 토 08:00~11:00*월급 1,771,270원*계약직(3개월)*남, 즉시 출근가능자, 6개월 이상 우대*근무지 : 서울 서초구 방배로 21(방배동) 방배그랑자이, 방배역 2번 출구*지원방법 : 전화 후 방문 031-8045-4213*지원서류 : 이력서",근무시간주6일,근무지역서초구 방배동,"급여월급 1,771,270원",등록일2024-10-29,성별남,업체명주식회사 지엔비,연령무관,지원방법전화 후 방문 031-8045-4213,지원서류,직종아파트 외곽청소원,채용인원1명
구인상태구인마감,"근무내용<맥서브>
고속도로 통행 수납사원 1명 /*정년 60세*구리포천고속도로(중랑IC) 통행 수납사원
*월260만원 / 퇴직연금 / 4대보험O
*3교대 근무(초초중중말말 휴휴 스케줄 근무)
 - 초 06:00~15:00 / 중 13:00~22:00 / 말 21:30~06:30 (8시간씩 스케줄 근무) / 휴게 1시간
*계약직(12개월)
*근무지 서울특별시 중랑구 구리포천고속도로 중랑IC*이력서 팩스지원 031-527-4357",근무시간3교대 근무,근무지역중랑구 중랑IC,급여월260만원,등록일2024-10-29,성별무관,업체명맥서브,연령만60세 정년,지원방법이력서 팩스지원 031-527-4357,지원서류,직종고속도로 통행 수납사원,채용인원1명
구인상태구인마감,"근무내용<강남역1차아이파크관리단>오피스텔 경비원 1명오피스텔 순찰, 경비 업무*격일 07:00~07:00 (휴게시간9.5 오전2시간, 낮2.5시간, 오후1시간, 밤4시간)*월급 250만원*계약직(12개월)*남*근무지 : 서울시 서초구 서초대로77길 62 신논현 7번출구*지원방법 : 팩스지원 02-532-9638 / 이메일 지원 ltycjstk@naver.com*지원서류 : 이력서, 자기소개서*전화사절",근무시간격일07:00~익일07:00,근무지역서초구 서초동,급여월급 250만원,등록일2024-10-28,성별남,업체명강남역1차아이파크관리단,연령무관,지원방법팩스지원 02-532-9638,지원서류,직종오피스텔 경비원,채용인원1명
구인상태구인마감,"근무내용<주식회사 이에마로>학교 시설관리원 1명- 간단 형광등 교체, 분리수거, 청소 업무*주5일 평일 07:30~16:30 (휴게 1시간)*월급 206만원(+ 식대 140,000+ 명절, 휴가비 지급 2회,피복비 지급 1회)*계약직(4개월)*남, 면접(본사사무실(영등포구)) 가능하신분만 지원*근무지 : 서울시 강서구 등촌로51나길 35, 백석중학교 (등촌동), 등촌역 7번 출구*지원방법 : 팩스지원 02-6350-1510 / 이메일 지원 jwhong@nosa.or.kr*지원서류 : 이력서",근무시간주5일,근무지역강서구 등촌동,급여월급 206만원,등록일2024-10-28,성별남,업체명주식회사 이에마로,연령무관,지원방법팩스지원 02-6350-1510,지원서류,직종학교 시설관리원,채용인원1명
구인상태구인마감,"근무내용<주식회사 지엔비>아파트 외곽청소원 1명- 아파트 관내외 청소 및 정리 업무*주6일 평일 08:30~15:30 (휴게 2시간) / 토,일 08:00~11:00(3명순환근무)*월급 1,855,530원*계약직(12개월)*남, 즉시 출근가능자, 6개월 이상 우대*근무지 : 서울 용산구 서빙고로 35(한강로3가) 용산시티파크, 신용산역 2번 출구*지원방법 : 전화 후 방문 031-8045-4213*지원서류 : 이력서","근무시간주6일, 내용참조",근무지역용산구 한강로3가,"급여월급 1,855,530원",등록일2024-10-28,성별남,업체명주식회사 지엔비,연령무관,지원방법전화 후 방문 031-8045-4213,지원서류,직종아파트 외곽청소원,채용인원1명
구인상태구인마감,"근무내용<롯데캐슬프레미어입주자대표회의>
아파트 외곽청소원 2명
- 아파트 외곽 청소, 폐기물 분리수거 업무 
*주6일 평일 09:00~16:00 (휴게 1.5시간) / 격주 토 09:00~12:00
*월급 160만원
*계약직(12개월)
*남
*근무지 : 서울 강남구 선릉로126길 22 롯데캐슬프레미어아파트, 강남구청역 1번 출구
*지원방법 : 전화 후 방문 02-511-7208
*지원서류 : 이력서","근무시간주6일, 내용참조",근무지역강남구 삼성동,급여월급 160만원,등록일2024-10-28,성별남,업체명롯데캐슬프레미어입주자대표회의,연령무관,지원방법전화 후 방문 02-511-7208,지원서류,직종아파트 외곽청소원,채용인원2명
구인상태구인마감,"근무내용<국도안전관리(주)>
*공사현장 경비원 1명*공사현장 경비 업무(입출입 차량관리, 순찰, 안내, 방호 등)
*월210만원
*격일 07:00~익일 07:00(24시간 교대 근로, 휴게시간 11시간)
*계약직(3개월 예상) / 공사잔여기간까지 근로
*근무지 서울특별시 관악구 인헌12길 (낙성대역 인근 도보 15분)
*경비교육 필수(부사관 출신은 면제)*이력서 팩스지원(02-522-0687) 또는 문자지원(이력서 사진전송: 010-4693-4249) 가능이력서 상단 ""봉천동 경비직 지원"" 기재",근무시간격일07:00~익일07:00,근무지역관악구 봉천동,급여월210만원,등록일2024-10-28,성별남,업체명국도안전관리(주),연령무관,지원방법팩스지원 또는 문자지원,지원서류,직종공사현장 경비원,채용인원1명
구인상태구인마감,"근무내용※해당 공고는 공공일자리로, 11.1.(금) 18:00까지 접수입니다.","근무시간주5일, 1일 8시간 근무",근무지역강남구 역삼동,"급여일91,488원",등록일2024-10-26,성별무관,업체명[공공일자리] 강남구청,연령55세~64세,지원방법전자우편 접수,지원서류서울형 매력일자리 사업 참여 신청서식.hwp,직종서울 매력일자리 전통시장 매니저,채용인원1명
구인상태구인마감,"근무내용※해당 공고는 공공일자리로, 10.30.(수) 18:00까지 접수입니다.","근무시간주5일, 1일 8시간 근무",근무지역강북구 수유동,"급여일91,488원",등록일2024-10-26,성별무관,업체명[공공일자리] 강북구청,연령55세~64세,지원방법방문접수 또는 전자우편 접수,지원서류(강북구) 서울 매력일자리 사업 참여 신청서 등.hwpx,직종서울 매력일자리 전통시장 매니저,채용인원1명
구인상태구인마감,"근무내용<기빙플러스>매장판매원 1명기빙플러스는 기업의 기증물품을 판매한 수익으로 사회적 일자리를 창출하는 나눔 매장입니다- 업무: 역사 내 기빙플러스 매장 관리(청소 등), 상품관리 및 진열, 판매, 구매고객 응대 등*물류관리 주3회 평균 1~20kg  20박스 입고 되며, 최대 50 박스가 입고 되는 경우도 있어 매장 내 직원분들과 함께 물류작업 수행하나, 어느 정도 무거운 것을 들으실 수 있어야 함.*고객응대 시, 가격, 할인, 이벤트에 대한 설명과 더불어 사업 취지를 전달할 수 있어야 하며(판매경력 우대), POS 기기 단독 사용이 가능(POS기기 단독 사용자 우대) 해야 함.[당산역]주5일 / 10:45~15:15(휴게시간 30분)서울특별시 영등포구 양평로 40, 지하 1층 5번매장*시급9,900원*계약직(3개월)/ 계약만료 후 상용직 전환검토*성별무관, 만 55세 이상*지원방법: 첨부된 이력서 활용하여 메일 지원 givingps@miral.org -> 당산역 반드시 기재",근무시간주5일 10:45~15:15,근무지역당산역사,"급여시급9,900원",등록일2024-10-25,성별여,업체명기빙플러스,연령만 55세 이상,지원방법메일지원 givingps@miral.org,지원서류기빙플러스 입사지원서 양식.hwp,직종매장 판매원,채용인원1명
구인상태구인마감,"근무내용<(주)삼일티엠에스>빌딩경비원 1명빌딩 내 경비업무 전반*월급 249만원*격일 07:00~07:00*계약직(12개월)*남, 일반경비원 신임교육 이수증 필수*근무지 : 서울시 마포구 만리재로 47, 공덕코어 빌딩, 목동역 5번 출구*지원방법 : 전화 후 방문 02-924-8415 / 팩스지원 02-924-8418*지원서류 : 이력서",근무시간격일07:00~익일07:00,근무지역마포구 신공덕동,급여월급 249만원,등록일2024-10-24,성별남,업체명(주)삼일티엠에스,연령무관,지원방법전화 후 방문 02-924-8415,지원서류,직종빌딩경비원,채용인원1명
구인상태구인마감,"근무내용<(유)탄천산업>아파트 청소원 1명상가 복도, 화장실 청소 업무*월급 1,241,580원*주5일 : 08:30~14:30(휴게시간 1시간10분)*상용직*근무지 : 서울시 양천구 목동로 186 신시가지아파트7단지, 목동역 5번 출구*지원방법 : 전화 후 방문 070-4048-6104*지원서류 : 이력서",근무시간주5일,근무지역양천구 목동,"급여월급 1,241,580원",등록일2024-10-24,성별여,업체명(유)탄천산업,연령무관,지원방법전화 후 방문 070-4048-6104,지원서류,직종아파트 청소원,채용인원1명
구인상태구인마감,"근무내용<(주)다우시스템>
아파트 청소원 2명 
- 아파트 내부 청소 업무
*월급 202만원 
*주6일 : 평일 08:00~16:00 / 토요일 08:00~12:00
*계약직(12개월)
*남, 경력 1년이상 우대, 복지카드소지자 우대
*근무지 서울시 용산구 한강로2가 한강대로 69, 용산푸르지오 써밋, 용산역 인근
*지원방법 : 팩스지원 031-523-3838 / 이메일지원 dawoo6167@naver.com
*지원서류 : 이력서",근무시간주6일,근무지역용산구 한강로2가,급여월급 202만원,등록일2024-10-21,성별여,업체명(주)다우시스템,연령무관,지원방법팩스지원 031-523-3838,지원서류,직종아파트 청소원,채용인원2명
구인상태구인마감,"근무내용2024년 송파구 아이돌보미 수시모집송파구가족센터 아이돌봄지원사업팀에서는 업무수행에 사명감을 가지고함께 일할성실하고 책임감 있는 아이돌보미를 다음과 같이 모집합니다.1.채용분야 및 인원:아이돌보미30명2.활동내용가.돌봄장소:송파구 내 이용가정나.아동연령:만3개월~만36개월 이하 영아다.활동시간:이용가정과 연계된 시간(1주40시간 이내 근로)라.돌봄수당:기본수당(시간당) 10,110원-주휴일,야간·휴일·연장근로,연차유급휴가 수당 산정 등에 따라 발생하는 법정 제수당 지급마.활동내용:보육시설 등·하원 및 준비물 보조,부모가 올 때까지 임시보육,놀이 활동,준비된 식사 및 간식 챙겨주기,이유식 먹이기,젖병 소독,기저귀 갈기,목욕 등(단,가사 활동 제외)※친인척(아동기준4촌이내)및 특정 이용가정 지정 연계 불가3.모집대상가.자격증 소지자(보육교사,유치원정교사,초·중등교사,의료인 자격증)나.아이돌보미 양성교육 이수자(퇴사 후 재활동 또는’24년 이전 양성교육 이수 후 미활동자)4.응시자격가.전염성질병(결핵 등),정신질환,마약·대마 또는 향정신성의약품 중독이 아닌 자나.범죄경력 및 아이돌봄지원법에서 규정한 결격사유가 없는 자다.만3개월~ 36개월 이하 영아 활동 가능자라.하원 시간대(15:00 ~ 20:00)활동 가능자5.신청서류가.아이돌보미 신청서(센터 방문하여 작성)나.주민등록등본1부다.이력서1부(A4규격에 맞게 작성)라.자기소개서1부(A4규격에 맞게 작성)마.관련 자격증 사본1부(‘3.모집대상-가’참고)또는 아이돌보미 양성교육 수료증1부바.경력증명서(해당자) 1부6.채용일정구분일시비고서류접수4월8일(월) ~ 11월29일(금) (점심시간12:00-13:00제외)본인 방문 접수접수장소:송파구 백제고분로42길5(송파여성문화회관), 3층송파구가족센터 아이돌봄지원사업 사무실인적성검사개별 안내*온라인 진행30~40분 소요면접개별 안내30분 소요오리엔테이션개별 안내(합격자에 한함)7.현장실습 및 보수교육구분내용비고현장실습일정:개별 안내(총10시간)방법:활동 중인 아이돌보미와2인1조로 이용자가정 방문하여 진행비용: 2만원(본인부담,서비스제공기관에 납부)보수교육일정:개별 안내(총16시간,대면교육)장소:송파여성인력개발센터(서울특별시 송파구 중대로9길34(가락동)대호빌딩2층)※현장실습 면제자(보수교육만 이수,경력증명서 제출 필수)1)관련 자격증 소지 및5년 이내 해당 업무 경력자2)양성교육 이수 일자가2년 이내 또는 아이돌보미 활동 일자가2년 이내인 자8.합격 후 제출서류가.기본증명서1부나.채용신체검사서1부(반드시 전염성질병(결핵, B형간염)및 정신질환,마약·대마·향정신성의약품 중독에 대한 검사 포함 필수)다.통장사본1부라. 3개월 내 찍은 증명사진2장9.기타가.문의전화:송파구 아이돌봄지원사업팀☎02-430-3844나.홈페이지:송파구가족센터(http://songpa.familynet.or.kr)아이돌봄서비스(https://care.idolbom.go.kr/dolbomi/main/main.do)",근무시간공고문 참고,근무지역송파구 내 이용가정,"급여시급 10,110원",등록일2024-10-21,성별무관,업체명송파구가족센터,연령무관,지원방법본인 방문 접수,지원서류,직종아이돌보미,채용인원30명
구인상태구인마감,"근무내용<효성종합개발(주)>
주차관리원 1명
-주차관리(발렛업무 없음), 분리수거 업무
*월급 150만원 
*주5일1조/07:00~14:00(휴게시간 11:30~13:30)2조/14:00~21:00(휴게시간 18:30~20:30), 1주일 단위로 조별 교대근무
*계약직(12개월)
*근무지 서울시 서초구 동작대로 68, 신진빌딩 1층 (방배동) 이수역 6번 출구 인근
*지원방법 : 전화 후 방문 010-9185-3963, 이력서 사진찍어 문자 지원 가능
*지원서류 : 이력서",근무시간주5일,근무지역서초구 방배동,급여월급 150만원,등록일2024-10-21,성별남,업체명효성종합개발(주),연령무관,지원방법전화 후 방문 010-9185-3963,지원서류,직종주차관리원,채용인원1명
구인상태구인마감,"근무내용<(주)세계보안관리시스템>
아파트경비원 1명
-아파트 경비 업무
*월급 239만원 
*격일 06:30~06:30(휴게시간 : 주간 3시간, 야간 6시간)
*상용직
*근무지 서울시 구로구 구로동 새말로 93(구로동) 신도림태영타운 신도림역 인근
*지원방법 : 전화 후 방문 010-6218-8900
*지원서류 : 이력서, 일반경비원 신임교육이수증 필수",근무시간격일 06:30~06:30,근무지역구로구 구로동,급여월급 239만원,등록일2024-10-21,성별남,업체명(주)세계보안관리시스템,연령무관,지원방법전화 후 방문 010-6218-8900,지원서류,직종아파트경비원,채용인원1명
구인상태구인마감,"근무내용<(주)승정메인터넌스>건물관리원 1명-건물관리 및 청소. 약간의 주차관리*월급 210만원*주5일 09:00~18:00(휴게 13:00~14:00)*계약직(12개월)*근무지 서울시 서초구 효령로 230, 승정빌딩 201호 (서초동), 남부터미널역 인근*지원방법 : 이메일지원 sjbuilding01@gmail.com*지원서류 : 이력서",근무시간주5일,근무지역서초구 서초동,급여월급 210만원,등록일2024-10-21,성별남,업체명(주)승정메인터넌스,연령무관,지원방법이메일지원,지원서류,직종건물관리원,채용인원1명
구인상태구인마감,"근무내용<(주)세연종합관리>
아파트 청소원 1명
- 계단, 복도, 승강기, 현관 청소 업무 
- 복지카드소지자 / 국가유공자 우대
*주6일 월~금 09:00~15:30 / 토요일 09:00~11:00
*월급 149만원
*상용직
*여, 경력 6개월 이상
*근무지 : 서울 강북구 솔샘로 159, 미아벽산라이브파크 (미아동, 벽산라이브파크)
*지원방법 : 이력서 사진 찍어서 문자지원 070-7771-7123 (근무지 표기)
*지원서류 : 이력서",근무시간주6일,근무지역강북구 미아동,급여월급 149만원,등록일2024-10-18,성별여,업체명(주)세연종합관리,연령무관,지원방법문자지원 070-7771-7123,지원서류,직종아파트 청소원,채용인원1명
구인상태구인마감,"근무내용<(주)티에스우인>
건물 청소원 1명
로제우스 스포츠센터 청소 업무 (2명) 
*월162만원
*주5일 08:00~15:00(휴게 12:00~13:00) / 일월 또는 월화 휴무
*계약직(3개월)
*근무지 서울특별시 종로구 진흥로 446 (구기동) 로제우스 스포츠센터
*중식제공
*이력서 팩스지원 02-538-7730 (전화 x)",근무시간주5일08:00~15:00,근무지역종로구 구기동,급여월162만원,등록일2024-10-18,성별여,업체명(주)티에스우인,연령무관,지원방법*이력서 팩스지원 02-538-7730,지원서류,직종건물 청소원,채용인원1명
구인상태구인마감,"근무내용<(주)신화비엠씨>
아파트 외곽청소원 1명
아파트 외곽 청소 업무 
*주6일 8:00~16:00(휴게1시간) / 토 09:00-13:00(휴게30분/ 협의)
*월급 197만원
*상용직
*남, 경력 1년이상 우대
*근무지 : 서울 동대문구 답십리로 130, 래미안위브 답십리역 인근
*지원방법 : 전화 후 방문 010-5320-1546
*지원서류 : 이력서",근무시간주6일,근무지역동대문구 답십리동,급여월급 197만원,등록일2024-10-17,성별남,업체명(주)신화비엠씨,연령무관,지원방법전화 후 방문 010-5320-1546,지원서류,직종아파트 외곽청소원,채용인원1명
구인상태구인마감,"근무내용<(주)두원에이앤씨>아파트 경비원 2명아파트 경비 업무* 시간: 06:00~06:00 (휴게시간 주간2시간, 야간6.75시간)* 급여 : 월208만원*계약직(12개월)*근무지 : 종로구 통일로 246-11 (무악동, 무악현대아파트)* 지원방법: 전화문의 후 면접*전화 02-865-5025, 010-6782-8709 / 팩스 02-861-5026",근무시간격일06:00~익일06:00,근무지역종로구 무악동,급여월급 208만원,등록일2024-10-17,성별남,업체명(주)두원에이앤씨,연령무관,지원방법전화 후 방문 02-865-5025,지원서류,직종아파트 경비원,채용인원2명
구인상태구인마감,"근무내용<(주)더테라원>
경비 주차관리원 1명
- 건물 경비, 주차, 보안관리 업무 
*주3일 평일 07:30~20:30(휴게 2시간), 토 08:00~12:00, 2교대이며 2달씩 교대근무
*월급 170만원, 식사 2식 제공
*상용직
*남, 경력 1년이상 우대
*근무지 : 서울 강남구 선릉로90길 36, 미소빌딩 (대치동) 선릉역 인근
*지원방법 : 전화 후 방문 010-9766-9930 / 팩스지원 02-558-2357
*지원서류 : 이력서",근무시간주3일,근무지역강남구 대치동,급여월급 170만원,등록일2024-10-16,성별남,업체명(주)더테라원,연령무관,지원방법전화 후 방문 010-9766-9930,지원서류,직종주차관리원,채용인원1명
구인상태구인마감,"근무내용<이대 영타운 지웰에스테이트 관리단>빌딩경비원 1명건물경비, 주변 청소, 출입자 관리 업무*격일 08:00~익일08:00(휴게 10시간 45분)*월급 210만원*계약직(3개월)*남, 경력 1년이상 우대*근무지 : 서울 서대문구 이화여대5길 35 3층, 이대역 인근*지원방법 : 팩스지원 070-8250-9035 / 이메일지원 youngtown302@naver.com*지원서류 : 이력서",근무시간격일08:00~익일08:00,근무지역서대문구 대현동,급여월급 210만원,등록일2024-10-15,성별남,업체명이대 영타운 지웰에스테이트 관리단,연령무관,지원방법팩스지원 070-8250-9035,지원서류,직종빌딩경비원,채용인원1명
구인상태구인마감,"근무내용<(주)디케이리더스>건물관리원 1명주간 경비, 주차관리, 출입구 청소 업무*주5일 : 08:00~15:00(휴게 1시간)*월급 154만원*계약직(12개월)*남*근무지 : 서울 영등포구 선유로28길 6, 노무빌딩 (양평동1가), 영등포구청 인근*지원방법 : 팩스지원 02-6746-5533 이메일지원 dkleaders01@naver.com*지원서류 : 이력서, 자기소개서",근무시간주5일,근무지역영등포구 양평동,급여월급 154만원,등록일2024-10-14,성별남,업체명(주)디케이리더스,연령무관,지원방법팩스지원 02-6746-5533,지원서류,직종건물관리원,채용인원1명
구인상태구인마감,"근무내용<(주)인화종합관리>주차관리원 1명- 병원 주차관리(타워주차 포함) 업무- 운전면허(1종보통/2종보통 무관) 필수*주6일 : 월~금 07-16시/10-19시(1주단위 교대), 토 07-12시/09-14시(1주단위 교대)*월급 213만원*계약직(12개월)*남*근무지 : 서울 도봉구 도봉로 446, 강북힘찬병원 (창동), 쌍문역 인근*지원방법 : 전화지원 010-5396-5845*지원서류 : 이력서",근무시간주6일,근무지역도봉구 창동,급여월급 213만원,등록일2024-10-14,성별남,업체명(주)인화종합관리,연령무관,지원방법전화지원 010-5396-5845,지원서류,직종주차관리원,채용인원1명
구인상태구인마감,"근무내용<(주)범주>건물관리원 1명주상복합 시설관리, 분리수거 업무*격일 : 06:30~06:30*월급 229만원*계약직(12개월)*남*근무지 : 서울 양천구 목동중앙북로 68 (목동, 목동에버하임), 염창역 인근*지원방법 : 팩스지원 02-2658-3348*지원서류 : 이력서",근무시간격일 : 06:30~06:30,근무지역양천구 목동,급여월급 229만원,등록일2024-10-14,성별남,업체명(주)범주,연령무관,지원방법팩스지원 02-2658-3348,지원서류,직종건물관리원,채용인원1명
구인상태구인마감,"근무내용<(유)원광>아파트청소원 1명아파트 내부 청소 업무, 신주 있음*주6일 : 평일 09:00~15:30 / 토 09:00~12:00*월급 1,414,910원*계약직(3개월), 계약 종료 후 계속 근무 가능*여*근무지 : 서울 강북구 오패산로30길 30 (미아동, 경남아너스빌), 미아사거리역 인근*지원방법 : 전화지원 010-6715-4266 팩스지원 0504-221-4266*지원서류 : 이력서",근무시간주6일,근무지역강북구 미아동,"급여월급 1,414,910원",등록일2024-10-14,성별여,업체명(유)원광,연령~72세,지원방법전화지원 010-6715-4266,지원서류,직종아파트청소원,채용인원1명
구인상태구인마감,"근무내용공공일자리궁금한 사항은 기관에 직접 문의하시기 바랍니다채용공고 바로가기2024년 산림재해 일자리사업 기간제근로자 추가채용 공고채용방법:공개채용채용인원:총8명근무장소:용산구 관내 산림 및 공원·녹지·가로수 등채용개요사업명근무기간인원내용비고산불전문예방진화대2024. 11. ~ 12.3명병해충 예찰 및 방제자연생태분야 전반 업무세부 근로기간은 사업별 표준근로계약서에 의함산림병해충 예찰·방제단2024. 11. ~ 12.5명산불 예방·감시,진화활동 등자연생태분야 전반 업무※사업별 예산 등 사업 여건에 따라 계약기간은 변동될 수 있음※사업장 통합 채용 후,최종합격자 고득점자순 희망 배치근로조건 및 임금노임단가: 78,880원/일(시간당9,860원)근로시간: 9:00 ~ 18:00(휴게시간: 12:00 ~ 13:00,중식시간 포함)근 무 일:매주 월요일~금요일휴 일:주1회 주휴일,『관공서의 공휴일에 관한 규정』에 의한 공휴일-당해 주간 근무일을 만근한 주휴일은 유급사회보험가입:고용보험,산업재해보상보험,건강보험,국민연금 가입기타 휴가·임금 지급기준은 관련근거에서 정하는 바에 따라 부여채용관련 요건응시 자격요건-채용공고일 현재만18세 이상~만75세 이하(1948.10.11.~2006.10.10.)중공원 녹지분야 현장근무에 지장이 없는 신체 건강한 자로서,아래 참여제한사유 각 호에 해당하지 않는 자※『고용상 연령차별금지 및 고령자 고용촉진에 관한 법률』제4조의5의거 연령제한참여제한자-동일한 기간에2개 이상의 직접일자리사업에 참여한 중복참여자- 3년 중2년을 초과하여 동일한 직접일자리사업 참여한 반복참여자·65세 이상 고령자,중증장애인,국민기초생활보장법에 따른 기초생활수급권자중 근로능력 및 질병 정도 등에 따라 허용할 사유가 있는 자는 반복참여 허용·65세 이상 참여자 중3년간3회 이상 반복참여시 선발 총점의20%이상 감점-고소득자 및 고액자산가(가구소득이 중위소득70%초과 또는 재산4억원 초과)-날카로운 작업도구 등을 사용하는 작업에 장애(청각·간질·정신질환 등)가 있는 자-고교·대학(이하2년제·3년제 대학과 대학원 포함)재학생-성범죄 또는 아동학대 관련 범죄 전력 조회 해당자-규정 및 지시사항 위반 또는 근무 불성실로 지적받은 사례가 있는 등 공원,녹지관리에 부적격자라고 판단되는 자,기타 작업 수행이 불가능하다고 판단되는 자우대조건-취업취약계층 해당시 배점기준표에 의한 가점 부여※취업취약계층의 범주①저소득층(기준중위소득60%이하),②장애인,③6개월 이상 장기실직자(청년은 재학생이 아니면서 고용된 사실도 없는 자),④결혼이민자,⑤여성가장,⑥성매매피해자,⑦ 「한부모가족 지원법」에 의한 보호대상자,⑧북한이탈주민,⑨갱생보호대상자,⑩수형자로서 출소 후6개월 미만 자,⑪노숙자-채용공고일 기준 용산구 장기거주자[공고일 기준 전입기간 산정(연속거주)]-공원녹지분야 근무경력자-업무관련자격증 소지자 및 관련분야 기술교육 이수자 우대·「국가기술자격법」,「산림보호법」에 따른 산림분야,수목보호분야 자격증·차량(1종보통 이상)운전면허를 가진 자-『국가유공자 등 예우 및 지원에 관한법률』에 따라 채용시험 시 만점의5?10%가점 부여응시자 유의사항구비서류의 기재착오,누락,연락 불능 등의 사유가 발생하여 생기는불이익은응시자의 책임으로 하며,허위사실 기재 시 채용을 취소합니다.응시원서에 휴대전화번호 등연락처를반드시 기재하여 주시기 바랍니다.※응시원서 상의 기재착오 또는 누락이나,연락불능으로 인하여 발생하는 불이익은응시자의 책임입니다.지정된 심사일시에 참석하지 않을 경우는 응시를 포기한 것으로 처리합니다.해당분야에 적격자가 없을 경우 채용하지 않을 수 있으며,합격자 통지 후라도제출된 서류에 기재된 내용이 사실과 다를 경우 및 채용 부적격자인 경우 합격이 취소될 수 있습니다.응시원서 접수결과 응시자가 선발예정인원보다 같거나 적을 경우(없을 경우 포함)에는 가능한1회 이상 재공고 후 시험을 실시할 예정입니다.본 계획은 우리구 사정에 따라 변경될 수 있습니다.기타 문의사항은용산구청 공원녹지과(☎2199-7622)로 연락바랍니다.※채용청탁 적발 시『부정청탁 및 금품 등 수수금지에 관한 법률』에 의거,처벌 및 불이익을 받을 수 있음을 알려드립니다.※자세한 사항은 붙임파일에 있는 공고문을 참조하세요",근무시간주5일,근무지역용산구 관내,"급여일급 78,880원",등록일2024-10-14,성별무관,업체명용산구청,연령만18세 이상~만75세 이하,지원방법용산구청 직접 방문접수,지원서류참여신청서 양식.hwpx,직종공원 녹지 관리원,채용인원8명
구인상태구인마감,"근무내용<(주)듀델코리아>건물경비원(오피스텔) 1명- 건물 관리 업무- 일반경비원 신임교육이수증 필수*격일 : 07:00~07:00 (휴게시간 12시간)*월급 2,172,000원*상용직*근무지 : 서울 영등포구 영등포동3가 영등포로 264 (영등포동3가), 신길역 인근*지원방법 : 팩스지원 02-2135-9856*지원서류 : 이력서",근무시간격일07:00~익일07:00,근무지역영등포구 영등포동,"급여월급 2,172,000원",등록일2024-10-11,성별남,업체명(주)듀델코리아,연령무관,지원방법팩스지원 02-2135-9856,지원서류,직종건물경비원(오피스텔),채용인원1명
구인상태구인마감,"근무내용<(주)한강티에스>외곽청소원(아파트) 1명아파트 단지 외곽 청소 업무*주6일 : 평일 08:00~15:00 / 토 08:00~11:00*월급 1,720,980원*계약직*남여 무관*근무지 : 서울 성동구 왕십리로 241 서울숲더샵아파트, 한양대역 인근*지원방법 : 전화 후 방문 010-7223-4004*지원서류 : 이력서",근무시간주6일,근무지역성동구 행당동,"급여월급 1,720,980원",등록일2024-10-11,성별무관,업체명(주)한강티에스,연령무관,지원방법전화 후 방문 010-7223-4004,지원서류,직종아파트 외곽청소원,채용인원1명
구인상태구인마감,"근무내용<태일빌딩>
시설관리원(건물) 1명
- 건물시설관리, 청소, 수리업무
- 시설관리분야 경력 2년이상 우대
*주5일 : 08:30~16:30 
*월급 220~230만원 
*상용직
*근무지 : 서울 강북구 도봉로 403, 태일빌딩 (수유동), 수유역 인근
*지원방법 : 방문지원 010-4761-4426
*지원서류 : 이력서",근무시간주5일,근무지역강북구 수유동,급여월급 220~230만원,등록일2024-10-10,성별남,업체명태일빌딩,연령무관,지원방법방문지원 010-4761-4426,지원서류,직종시설관리원(빌딩),채용인원1명
구인상태구인마감,"근무내용<친정맘>
*산후도우미 10명
*영등포/마포 지역
*산후도우미 관련 교육 이수 후, 활동(취업) 연계
1) 신규자: 60시간 교육 / 약 8일 소요 / 교육비(20만원 / 교재비 1만원)
2) 경력자: 40시간 교육 / 교육비(15만원 / 교재비 1만원) / 요양보호사, 간호사, 간호조무사, 사회복지사 면허 소지자는 경력자로 인정 / 경력이 없는 경우 유사돌봄(가사간병방문지원, 노인돌봄, 장애인활동지원, 아이돌봄 등) 500시간 서비스 업무 제공 증빙 시 경력자로 인정)

*일급 105,000원~최대 213,000원
*주5일 09:00~18:00 (휴게 1시간)*전화 문의 02-858-1300",근무시간주5일09:00~18:00,근무지역영등포구/마포구,"급여일급105,000원~최대213,000원",등록일2024-10-10,성별여,업체명친정맘,연령무관,지원방법*전화문의 02-858-1300,지원서류,직종산후도우미,채용인원1명
구인상태구인마감,"근무내용<(주)풀무원>건물청소원 1명- 박물관 청소, 김치체험 음식물 쓰레기 정리 업무- 경력자 우대, 장기간 근무 가능하신 분*주5일 화~토 08:00~17:00(휴게 1시간)*월급 : 208만원*계약직(2개월), 연장가능*근무지 : 서울 종로구 관훈동 196-10 인사동마루 4,5,6층 뮤지엄김치간, 안국역, 종로3가역 인근*지원방법 : 이메일 지원 kinaa@pulmuone.com*지원서류 : 이력서",근무시간주5일 (화~토),근무지역종로구 관훈동,급여월급 208만원,등록일2024-10-10,성별무관,업체명(주)풀무원,연령무관,지원방법이메일 지원 kinaa@pulmuone.com,지원서류,직종건물 청소원,채용인원1명
구인상태구인마감,"근무내용<영조사>[건물관리원 1명]
*본사 건물 관리 업무*소방안전관리자 2급 필수 / 전기, 설비, 소방 가능한 분*연봉3,120만원*주5일 09:00~18:00
*상용직
*근무지 서울특별시 중구 청계천로 216 (영조사)*공휴일, 국경일 모두 쉬며, 퇴직금O, 4대보험 가입*전화 후 방문 면접 010-5385-9273",근무시간주5일09:00~18:00,근무지역중구 방산동,"급여연봉3,120원",등록일2024-10-08,성별남,업체명영조사,연령무관,지원방법*전화 후 방문 면접 010-5385-9273,지원서류,직종건물관리원,채용인원1명
구인상태구인마감,"근무내용<영조사>[건물 청소원 1명]
*건물청소(화장실 6개, 계단 등) 업무
*월125만원
*주6일 08:30~15:00, 토 09:00~12:00
*근무지 서울특별시 중구 청계천로 216 (영조사)
*상용직*공휴일, 국경일 모두 쉬며, 퇴직금O, 4대보험 가입*전화 후 방문 면접 010-5385-9273","근무시간주6일08:30~15:00,토~12:00",근무지역중구 방산동,급여월125만원,등록일2024-10-08,성별여,업체명영조사,연령무관,지원방법*전화 후 방문 면접 010-5385-9273,지원서류,직종건물 청소원,채용인원1명
구인상태구인마감,"근무내용<(주)삼오관리>건물관리원 1명- 오피스텔 시설관리, 주차관리 및 순찰, 방문객 응대 등의 업무- 경력 1년 이상*격일 07:00~07:00(휴게 10시간)*월급 : 280만원*사용직*근무지 : 서울 관악구 남부순환로181길 41, 신림역 인근*지원방법 : 전화 후 방문 010-4735-7246*지원서류 : 이력서",근무시간격일07:00~익일07:00,근무지역관악구 신림동,급여월급 280만원,등록일2024-10-08,성별남,업체명(주)삼오관리,연령무관,지원방법전화 후 방문 010-4735-7246,지원서류,직종건물관리원,채용인원1명
구인상태구인마감,"근무내용<기빙플러스>매장판매원 지점별 1명(마곡나루역/먹골역/당산역/상계역/흑석역)기빙플러스는 기업의 기증물품을 판매한 수익으로 사회적 일자리를 창출하는 나눔 매장입니다- 업무: 역사 내 기빙플러스 매장 관리(청소 등), 상품관리 및 진열, 판매, 구매고객 응대 등*물류관리 주3회 평균 1~20kg  20박스 입고 되며, 최대 50 박스가 입고 되는 경우도 있어 매장 내 직원분들과 함께 물류작업 수행하나, 어느 정도 무거운 것을 들으실 수 있어야 함.*고객응대 시, 가격, 할인, 이벤트에 대한 설명과 더불어 사업 취지를 전달할 수 있어야 하며(판매경력 우대), POS 기기 단독 사용이 가능(POS기기 단독 사용자 우대) 해야 함.[마곡나루역] 주5일 / 11:00~15:30(휴게시간 30분)서울특별시 강서구 마곡중앙5로 2, 지하1층 5번매장(마곡동)[먹골역] 주5일 / 15:45~20:15(휴게시간 30분)서울특별시 중랑구 동일로 901, 지하 2층 202, 203호 (묵동)[당산역]주5일 / 15:45~20:15(휴게시간 30분)서울특별시 영등포구 양평로 40, 지하 1층 5번매장[상계역]주5일 / 15:45~20:15(휴게시간 30분)서울특별시 노원구 상계로 182 (상계역)[흑석역] 주5일 / 10:45~15:15(휴게시간 30분)서울특별시 동작구 현충로 90, 지하1층 2번매장(흑석동)*시급9,900원*계약직(3개월)/ 계약만료 후 상용직 전환검토*성별무관, 만 55세 이상*지원방법: 첨부된 이력서 활용하여 메일 지원 givingps@miral.org -> 지원하고자 하는 지점명 반드시 기재",근무시간근무내용 참조,근무지역마곡나루/먹골/당산/상계/흑석,"급여시급9,900원",등록일2024-10-07,성별여,업체명기빙플러스,연령만 55세 이상,지원방법메일지원 givingps@miral.org,지원서류붙임1.[양식]기빙플러스 입사지원서.hwp,직종매장 판매원,채용인원역사별 1명
구인상태구인마감,"근무내용<크린존>건물청소원 1명학원 청소 업무*주6일 : 15:00~21:00(휴게 1시간, 매시간 10분휴식)*월급 : 145만원*사용직*근무지 : 서울 동작구 노량진로 140, 노량진역 인근*지원방법 : 전화 후 방문 010-3000-7995*지원서류 : 이력서",근무시간주6일,근무지역동작구 노량진동,급여월급 145만원,등록일2024-10-07,성별여,업체명크린존,연령무관,지원방법전화 후 방문 010-3000-7995,지원서류,직종건물 청소원(학원),채용인원1명
구인상태구인마감,"근무내용<(주)동우유니온>건물 경비원 1명- 내방객 응대 및 안내- 순찰 (건물 내, 외부)- 입 · 출차량 통제 및 안내- 일반경비원 신임교육이수 필수*주5일 : 08:00~18:00(휴게 2시간)*월급 : 2,300,000원*계약직 : 12개월*근무지 : 서울 동작구 신대방동 보라매로5길 15, 관리사무소, 보라매병원역 인근*지원방법 : 팩스지원 02-3284-3650 / 워크넷지원*지원서류 : 이력서",근무시간주5일,근무지역동작구 신대방동,"급여월급 2,300,000원",등록일2024-10-07,성별남,업체명(주)동우유니온,연령무관,지원방법팩스지원 02-3284-3650,지원서류,직종건물 경비원,채용인원1명
구인상태구인마감,"근무내용<(주)지혜>건물 경비원 1명- 일반경비원 신임교육이수 필수*격일 : 08:00~08:00(휴게 11시간)*월급 : 1,870,000원*계약직 : 12개월, 계약 후 연장 가능*근무지 : 서울 은평구 연서로 216, 아트캐슬주상복합, 연신내역 인근*지원방법 : 팩스지원 02-355-8462 / 이메일지원 syd6669@daum.net*지원서류 : 이력서",근무시간격일08:00~익일08:00,근무지역은평구 대조동,"급여월급 1,870,000원",등록일2024-10-07,성별남,업체명(주)지혜,연령무관,지원방법팩스지원 02-355-8462,지원서류,직종건물 경비원,채용인원1명
구인상태구인마감,"근무내용<(주)에스에이치자산관리>건물 경비원 1명- 주차관리, 분리수거 업무- 간단한 컴퓨터 사용 가능자 희망 (팩스보내기, 검색, 문서 출력 등)*격일 : 07:00~07:00(휴게 10시간)*월급 : 2,174,340원*계약직 : 12개월, 계약 후 연장 가능*근무지 : 서울 서초구 양재대로2길 100-48*지원방법 : 팩스지원 02-443-7086 / 이메일지원 kyoung1898@naver.com*지원서류 : 이력서",근무시간격일07:00~익일07:00,근무지역서초구 우면동,"급여월급 2,174,340원",등록일2024-10-07,성별남,업체명(주)에스에이치자산관리,연령무관,지원방법팩스지원 02-443-7086,지원서류,직종건물 경비원,채용인원1명
구인상태구인마감,"근무내용<창동 동아청솔아파트>창동 동아청솔아파트 청소원 1명아파트 실내 청소(신주 있음)*경력자 우대*월140만원*주6일 09:00~15:00 / 토, 09:00~12:00 (공휴일 휴무)*계약직(3개월) / 근무평가 이후 9개월 연장 계약*근무지 서울특별시 도봉구 노해로69길 103 (창동) 동아청솔아파트*전화 통화 후 방문 010-4068-8603","근무시간주6일09:00~15:00,토09~12시",근무지역도봉구 창동,급여월140만원,등록일2024-10-07,성별여,업체명(주)크린서비스,연령무관,지원방법*상담사 알선 02-6220-8640,지원서류,직종아파트 청소원,채용인원1명
구인상태구인마감,"근무내용<(주)크린산업개발>아트센터 청소원 1명내부 청소 업무*주5일 : 12:00~21:00 (휴게 2시간), 월, 화 휴무(협의가능)휴일 교대 / 주말근무 가능자*월급 : 189만원*계약직 : 12개월*근무지 : 서울 중구 퇴계로 387, 충무아트센터 (흥인동), 신당역 인근*지원방법 : 전화 후 방문 010-5495-0070*지원서류 : 이력서",근무시간주5일,근무지역중구 흥인동,급여189만원,등록일2024-10-04,성별여,업체명(주)크린산업개발,연령무관,지원방법전화 후 방문 010-5495-0070,지원서류,직종건물 청소원,채용인원1명
구인상태구인마감,"근무내용<(주)신현대관리>아파트 경비원 1명분양아파트 주간 경비 업무*주5일 : 07:00~20:00(휴게 4시간)*월급 : 2,313,649원*계약직 : 12개월*근무지 : 서울 관악구 성현로 80 (봉천동, 관악드림타운아파트), 숭실대입구역 인근*지원방법 : 팩스지원 02-471-0147*지원서류 : 이력서, 경비원신임교육 이수증 사본",근무시간주5일,근무지역관악구 봉천동,"급여2,313,649원",등록일2024-10-04,성별남,업체명(주)신현대관리,연령무관,지원방법팩스지원 02-471-0147,지원서류,직종아파트 경비원,채용인원1명
구인상태구인마감,"근무내용<(주)세원종합관리>외곽 청소원 1명아파트 외곽 청소 업무*주6일 : 평일 09:00-15:30(휴게 12:00~13:00), 토 09:00~12:00*월급 : 1,642,120원*계약직 : 12개월*근무지 : 서울 송파구 동남로 341 송파레미니스2단지, 오금역 인근*지원방법 : 전화 후 방문 010-3128-3560","근무시간주6일, 내용참조",근무지역송파구 오금동,"급여월급 1,642,120원",등록일2024-10-04,성별남,업체명(주)세원종합관리,연령무관,지원방법전화 후 방문 010-3128-3560,지원서류,직종외곽 청소원,채용인원1명
구인상태구인마감,"근무내용<(주)썬앤문>[송파 잠실] 롯데건설현장 경비원 1명*건설현장 유경험자, 경비교육 필수*월298만원(연차수당 포함 3,180,000원)*주6일 06:00~18:00(휴게시간 2시간(현장에 맞춰 능동적으로 휴게))*3개월 계약 후, 기간 연장*근무지 서울특별시 송파구 올림픽로33길 17, 경비초소*이력서 팩스 지원 및 메일지원 (전화문의 불가)팩스번호 02-563-8909 / 이메일주소 topsunmoon1@naver.com""송파 잠실 경비지원"" 기재 부탁드립니다.",근무시간주6일 06:00~18:00,근무지역송파구 신천동,급여월298만원,등록일2024-10-04,성별남,업체명(주)썬앤문,연령무관,지원방법이력서 팩스 지원 및 메일지원,지원서류,직종건설현장 경비원,채용인원1명
구인상태구인마감,"근무내용<설봉빌딩>빌딩 청소원 1명[혜화역 인근] 빌딩 복도, 계단, 사무실, 화장실 등 청소 업무*종로구, 성북구 인근 거주자 희망, 오래 일하실 분 희망*5층 건물로 엘리베이터 없음, 적극적이고 인상 좋으신 분*월50만원 (주 총 10시간) 오전 5시~7시 사이 출근*주5일 2시간 근무출근시간은 정해져 있지 않고, 오전 7시 이전에만 오셔도 오전 9시 업무 시작되기 전까지*상용직*근무지 서울특별시 종로구 대학로12길 10 (동숭동)*성별무관, 55세~70세*지원방법:전화통화 후 방문 010-2774-6889해당 일자리는 주 15시간 미만 일자리로고용보험, 산재보험만 적용됩니다.","근무시간주5일, 내용참조",근무지역종로구 동숭동,급여월급 50만원,등록일2024-10-02,성별무관,업체명설봉빌딩,연령~70세,지원방법*전화통화 후 방문 010-2774-6889,지원서류,직종청소원(빌딩),채용인원1명
구인상태구인마감,"근무내용<구립100세데이케어센터>
운전원 1명
어르신 차량 송영 업무
운전면허1종 보통
*주5일 오전 8:00~10:00, 오후17:30~20:00
*월급 140만원 
*계약직 12개월
*근무지 서울특별시 동작구 신대방1길18  구립100세데이케어센터
*남, ~65세*지원방법: 이메일지원8490011@naver.com*지원서류: 이력서, 자기소개서","근무시간주5일, 내용참조",근무지역동작구 신대방동,급여월급 140만원,등록일2024-10-02,성별남,업체명구립100세데이케어센터,연령~65세,지원방법*이메일지원,지원서류,직종운전원,채용인원1명
구인상태구인마감,"근무내용<성현사>세차원 1명LG빌딩내 임직원 차량 세차*주5일 07~12시 (휴게시간: 10:10~10:40)*월급 150만원*상용직*근무지 서울 종로구 새문안로 58 (신문로2가, LG광화문빌딩) 지하 4층*남, 55~61세*지원방법: 전화 후 방문 010-2218-4357*지원서류: 이력서",근무시간주5일 07:00~12:00,근무지역종로구 신문로2가,급여월150만원,등록일2024-10-02,성별남,업체명성현사,연령55세~61세,지원방법*전화 후 방문  010-2218-4357,지원서류,직종세차원,채용인원1명
구인상태구인마감,"근무내용<(주)한국커리어서치>빌딩 관리소장 1명- 전반적인 건물 내외관리- 건물전기,수도검침- 총괄업무 입주사 민원대응 및 건물 유지보수/수선 견적, 전층 시설관리*월급 275만원*주5일 07:00~16:00*계약직(12개월)*근무지 강남구 역삼로 233  관리사무소 (역삼동)*남,~65세*지원방법: 이메일지원 jsjs0188@onjob.co.kr*지원서류 : 이력서, 자기소개서※소방안전관리자 2급 엑셀, 한글 기본 가능하신 분",근무시간주5일,근무지역강남구 역삼동,급여월급 275만원,등록일2024-10-02,성별남,업체명(주)한국커리어서치,연령~65세,지원방법*이메일 jsjs0188@onjob.co.kr,지원서류,직종빌딩 관리소장,채용인원1명
구인상태구인마감,"근무내용<주식회사 이도>경비원(빌딩) 1명빌딩 보안 업무*격일 오전 8:00~8:00 (휴게 10시간)*월급 256만원*계약직 12개월*근무지 서울특별시 강남구 도산대로 439 소봉빌딩*남, 경력 1년 이상*지원방법: 이력서 이메일지원 ksh123@yido.com",근무시간격일08:00~익일08:00,근무지역강남구 청담동,급여월급 256만원,등록일2024-10-02,성별남,업체명주식회사 이도,연령~65세,지원방법*이메일지원 ksh123@yido.com,지원서류,직종경비원(빌딩),채용인원1명
구인상태구인마감,"근무내용<주식회사 대성비엠에스>빌딩 청소원 1명*빌딩 청소(계단, 화장실, 쓰레기 정리 등)*월60만원(시급13,000원)*주5일 07:00~09:00 (주15시간 미만 단시간일자리로 보험 미가입)*상용직*근무지 서울특별시 강남구 도산대로67길 19 (청담동) 온즈빌딩*여, 60세~70세",근무시간주5일06:00~08:00,근무지역강남구 청담동,급여월 60만원,등록일2024-08-23,성별여,업체명주식회사 대성비엠에스,연령60세~70세,지원방법*상담사 알선 02-6220-8640,지원서류,직종빌딩 청소원,채용인원1명
구인상태구인마감,"근무내용<조선아이에스(주)>신문 배달원 11명거주지 인접 아파트, 주택에 신문 배달하는 업무배달에 필요한 카트 등 물품은 현장에서 제공하며, 도보로 배달할 수 있는 건강 상태의 어르신이면 근무 가능일정 기간 근무하신 경우, 연1회 중/고/대학생 자녀 및 손자녀 대상 심사를 거쳐 장학금 지원(50~100만원), 상해보험 무료 가입*급여 - 첨부된 표 참고(지역/배달구역 별로 다르며, 협의 가능)*주6일(월~토) 새벽 2시~새벽 5시 30분(시간 협의 후 조정 가능)*근무지 강남직영/마포직영/성북직영/분당직영/수지직영각각의 배달 지역은 첨부된 표 참고<참고1>지역 및 배달구역<참고2> 배달지역 상세",근무시간주6일02:00~05:30(새벽),근무지역서울 및 수도권(거주지 인접지역 우선배정),급여근무내용 참조,등록일2024-08-23,성별성별무관,업체명조선아이에스(주),연령연령무관,지원방법*상담사 알선 02-6220-8640,지원서류,직종신문 배달원,채용인원11명
구인상태구인마감,"근무내용<주식회사 모르제>정보통신 사무원 1명*정보통신공사업 서류 정리 업무 등(엑셀, 한글 문서 등)*정보통신기술자경력수첩 필수 또는 관련 학과 졸업자 / 경력자의 경우 경력증명서 제출 시 인정*시급 9,860원(협의 가능)*근무시간 주5일 13:00~17:00 (시간 협의 가능)*상용직*근무지 서울특별시 금천구 가산디지털2로 166, 906호 (가산동) 케이원타워*성별무관, 55세~70세",근무시간주5일 13:00~17:00(협의 가능),근무지역금천구 가산동,"급여시급9,860원(협의 가능)",등록일2024-08-23,성별무관,업체명주식회사 모르제,연령~70세,지원방법*상담사 알선 02-6220-8640,지원서류,직종사무원(정보통신공사업),채용인원1명
구인상태구인마감,"근무내용<명일중앙하이츠입주자대표회의>셔틀버스 운전원 1명*명일중앙하이츠아파트~고덕역 셔틀운행(4개 정류장경유/10~15분 소요)*대형 1종 (25인승 버스운전 면허) 소지자, 버스운전 경력자 우대*월212만원*2교대 오전조, 오후조주6일 07:00~15:00, 토 07:00~16:00/ 주5일15:00~22:00*상용직*근무지 서울특별시 강동구 구천면로 561 (상일동) 명일중앙하이츠*남, ~68세",근무시간근무시간 참조,근무지역강동구 상일동,급여월 212만원,등록일2024-08-23,성별남,업체명명일중앙하이츠입주자대표회의,연령~68세,지원방법*상담사 알선 02-6220-8640,지원서류,직종셔틀버스 운전원,채용인원1명
구인상태구인마감,"근무내용<(주)더본코리아>사무실 미화직원 2명 /※ 장애인 등록증 보유자만 채용*업무: 사무실 쓰레기 분리수거 및 바닥청소 / 화장실 청소*급여: 월급 116만원*근무시간: 주5일 08:00~13:00(휴게 10:00~10:30)*고용형태: 계약직(12개월)*근무지- 서울시 강남구 강남대로112길 15 (논현동: 신논현역 근처) - 1명- 서울시 서초구 강남대로79길 52-12 (반포동: 신논현역 근처) - 1명*연령: 여, 55세~65세",근무시간주5일08:00~13:00,근무지역강남구/서초구,급여월116만원,등록일2024-08-23,성별여,업체명(주)더본코리아,연령55세~65세,지원방법*상담사 알선 02-6220-8640,지원서류,직종사무실 미화직원(장애인채용),채용인원2명
구인상태구인마감,"근무내용<(주)한국보안컨설팅>아파트 경비원 2명*우이동대우아파트 경비 업무*경비교육 필수*월239만원*격일 06:00~익일 06:00(휴게시간 10~13시/17~20시/22~02시, 총 10시간)*계약직(3개월)*근무지 서울특별시 강북구 삼양로 149길 45 우이동 대우아파트*남, 55세~69세",근무시간격일06:00~익일06:00,근무지역강북구 우이동,급여월239만원,등록일2024-08-23,성별남,업체명(주)한국보안컨설팅,연령55세~69세,지원방법*상담사 알선 02-6220-8640,지원서류,직종아파트 경비원,채용인원2명
구인상태구인마감,"근무내용<부림산업개발>빌딩 경비원 1명*상가 건물 경비 및 주차관리 업무*운전가능자(1, 2종 무관),경비교육 필수*월215만원*격일 07:00~익일 07:00(휴게시간 총 12시간 / 주간 4시간, 야간 8시간)*계약직(12개월)*근무지 서울특별시 중구 세종대로 11길 42 (시청역 인근)*남, ~70세",근무시간격일07:00~익일07:00,근무지역중구 서소문동,급여월215만원,등록일2024-08-22,성별남,업체명부림산업개발,연령~70세,지원방법*상담사 알선 02-6220-8640,지원서류,직종빌딩 경비원,채용인원1명
구인상태구인마감,"근무내용<(주)에스피에스> - 해당 구인 공고는 시니어인턴십 사업에 참여하는 일자리 입니다.[시니어인턴십] 이마트 주차도우미 2명[이마트 은평점] 이마트 주차장 출입구/지하주차장에서의 주차 안내 및 고객 응대 서비스 업무*평가기간 3개월이 있으며, 평가 점수 미달 시 채용이 취소될 수 있음**월180만원*주5일(35시간) 근무시간은 본인 선택이 아닌 사업장 담당자 지정(로테이션 아님)1) 09:30~17:30 / 2) 14:00~22:00 / 3) 14:30~22:30 / 4) 15:00~23:00*계약직(10개월)/ 평가기간 3개월 / 계약 만료 후 재계약 여부 검토*근무지 서울특별시 은평구 은평로 111 지하3층 주차도우미팀 사무실*남, 만60세~64세[시니어인턴십 참여제한 조건]<참여자 자격요건> 만 60세이상 미취업자(채용되는 기업에 3대보험 가입 가능자)<참여자 자격 제한요건>① 중앙정부 및 지방자치단체 재정지원일자리 사업 등에 참여 중인 자예시) 보건복지부 노인 일자리 및 사회활동 지원사업, 국민취업지원제도 등② 인턴십 참여 직전 90일 이내 해당기업에 취업사실이 있는 자(일용직1개월 이하로 근무한 경우 제외)③ 당해년도 인턴십 참여 도중 2회 이상 중도 포기한 자④ 인턴십 참여 시작일 기준 이미 4대보험 자격을 취득 중인 자(일용직(1개월 이하)으로 근무한 경우 제외)인턴 시작일 이전 퇴직하였으나 사업주의 신고 지연 등으로 인해 인턴 신청일 당시 취업 상태인 경우에는 사실 관계 파악 (상실 신고 내역 등 확인 및 증빙) 후 참여 가능⑤ 인턴십 참여한 자가 동일사업장에 재 참여하는 경우(인턴십 참여시작 연도기준 5년 경과한 경우 재참여 가능)⑥ 동일인이 당해 연도에 2개 이상 사업장에 참여하는 경우",근무시간주5일 근무내용 참조,근무지역은평구 응암동,급여월180만원,등록일2024-08-22,성별남,업체명(주)에스피에스,연령만60~64세,지원방법*상담사 알선 02-6220-8640,지원서류,직종[시니어인턴십] 이마트 주차도우미,채용인원2명
구인상태구인마감,"근무내용<금빛데이케어센터>시설 간호조무사 1명[금천구 주야간보호센터 간호조무사] 어르신 건강상태, 투약(처방전 확인, 약 분류), 병워진료 동행, 의약품/의료용품 관리 및 구입, 간호투약일지, 상담일지(데이케어센터의 전반적인 행정업무, 차량 송영지원 등*간호조무사 자격증 필수, 운전면허 소지 필수*경력 1년 이상, 케어포 사용자 우대*월206만원*주5일, 월 1회 토요 근무 있음 / 08:30~17:30 or 09:00~18:00*상용직*근무지 서울특별시 금천구 탑골로2길 8 (시흥동) 3층 금빛데이케어센터*여, ~64세",근무시간근무내용 참조,근무지역금천구 시흥동,급여월206만원,등록일2024-08-22,성별여,업체명금빛데이케어센터,연령~64세,지원방법*상담사 알선 02-6220-8640,지원서류,직종데이케어센터 간호조무사,채용인원1명
구인상태구인마감,"근무내용<금빛데이케어센터>시설 요양보호사 1명(단기근무)[금천구 주야간보호센터 요양보호 업무: 어르신 전반적인 활동 도움 및 관리, 인지, 신체 프로그램 제공*요양보호사 자격증 필수, 데이케어센터 관련 업무 유경험자 우대 / 케어포 사용 가능자 우대*월206만원*주5일 09:00~18:00 / 출퇴근시간 협의가능 1일 8시간 근무*계약직(1개월) 수습기간 개념이며, 계약 만료 후 상용직 전환 검토*근무지 서울특별시 금천구 탑골로2길 8 (시흥동) 3층 금빛데이케어센터*여, ~64세",근무시간주5일 09:00~18:00,근무지역금천구 시흥동,급여월206만원,등록일2024-08-22,성별여,업체명금빛데이케어센터,연령~64세,지원방법*상담사 알선 02-6220-8640,지원서류,직종시설 요양보호사,채용인원1명
구인상태구인마감,"근무내용<청오종합관리(주)>초등학교 경비원 1명*초등학교 야간 경비 업무, 경비교육이수증 필수*월 92만원*격일 16:30 ~ 익일08:30 (휴게시간11시간) / 토요일 08:30 -08:30 (휴게시간7시간)*계약직(12개월)*근무지  서울시 중구 매봉18길 109  동산초등학교 (신당동)*남, ~82세까지*석식제공, 장애인 병행채용","근무시간격일 16:30 ~ 익일08:30, 내용 참고",근무지역중구 신당동,급여월 92만원,등록일2024-08-22,성별남,업체명청오종합관리(주),연령~82세까지,지원방법*상담사 알선 02-6220-8640,지원서류,직종초등학교 경비원,채용인원1명
구인상태구인마감,"근무내용<(주)에스피에스>주차도우미 및 카트수거원[목동이마트]공통 업무내용: 카트정리 정돈 및 세척, 주차관리(차량 유도), 주차장 청소 업무 등*주말(토, 일) 근무자 - 2명*시급 9,860원(월급 48만원 이상, 7일)*11:00~19:00 / 1일 7시간 근무 (휴게1시간)*근무지 서울특별시 양천구 오목로 299 (목동) 이마트 목동점*남, ~65세",근무시간근무내용 참조,근무지역양천구 목동,급여근무내용 참조,등록일2024-08-22,성별남,업체명(주)에스피에스,연령~65세,지원방법*상담사 알선 02-6220-8640,지원서류,직종이마트 주차도우미 및 카트수거원,채용인원3명
구인상태구인마감,"근무내용<주식회사 삼일시스템>아파트 외곽 청소원 1명아파트 외곽 청소 업무*월169만원*주6일08:30~15:30,토08:30~11:30*계약직(3개월)/ 계약 만료 후 상용직 전환 검토*근무지 서울특별시 강남구 선릉로69길 19 (역삼동)*남, ~72세","근무시간주6일08:30~15:30,토 3시간",근무지역강남구 역삼동,급여월169만원,등록일2024-02-19,성별남,업체명주식회사 삼일시스템,연령~72세,지원방법*상담사 알선 02-6220-8640,지원서류,직종아파트 외곽 청소원,채용인원1명
구인상태구인마감,"근무내용<주식회사천장지구>빌딩 청소원 2명이데아빌딩 공용부분 미화*월156만원*주6일 평일08:30~15:00(휴게 1.5h) , 토08:30~12:00*계약직(12개월)*근무지 서울특별시 동작구 노량진로 146 (노량진동) 이데아빌딩*여, ~72세","근무시간주6일 08:30~15:00,토08:30~12",근무지역동작구 노량진동,급여월156만원,등록일2024-01-19,성별여,업체명주식회사천장지구,연령~72세,지원방법*상담사 알선 02-6220-8640,지원서류,직종빌딩 청소원,채용인원2명
